,Date,Time,Aspect 0 of Phase A  State,Aspect 1 of Phase A  State,Aspect 2 of Phase A  State,Result,Phase
292,24-Jun-17,16:50:31,0,1,0,Amber,A
293,24-Jun-17,16:50:31,0,1,0,Amber,A
294,24-Jun-17,16:50:32,0,1,0,Amber,A
295,24-Jun-17,16:50:32,0,1,0,Amber,A
296,24-Jun-17,16:50:32,0,1,0,Amber,A
297,24-Jun-17,16:50:32,0,1,0,Amber,A
298,24-Jun-17,16:50:32,0,1,0,Amber,A
299,24-Jun-17,16:50:33,0,1,0,Amber,A
300,24-Jun-17,16:50:33,0,1,0,Amber,A
301,24-Jun-17,16:50:33,0,1,0,Amber,A
302,24-Jun-17,16:50:33,0,1,0,Amber,A
303,24-Jun-17,16:50:34,0,1,0,Amber,A
304,24-Jun-17,16:50:34,0,1,0,Amber,A
305,24-Jun-17,16:50:34,0,1,0,Amber,A
306,24-Jun-17,16:50:34,0,1,0,Amber,A
712,24-Jun-17,16:51:55,0,1,0,Amber,A
713,24-Jun-17,16:51:56,0,1,0,Amber,A
714,24-Jun-17,16:51:56,0,1,0,Amber,A
715,24-Jun-17,16:51:56,0,1,0,Amber,A
716,24-Jun-17,16:51:56,0,1,0,Amber,A
717,24-Jun-17,16:51:56,0,1,0,Amber,A
718,24-Jun-17,16:51:57,0,1,0,Amber,A
719,24-Jun-17,16:51:57,0,1,0,Amber,A
720,24-Jun-17,16:51:57,0,1,0,Amber,A
721,24-Jun-17,16:51:57,0,1,0,Amber,A
722,24-Jun-17,16:51:58,0,1,0,Amber,A
723,24-Jun-17,16:51:58,0,1,0,Amber,A
724,24-Jun-17,16:51:58,0,1,0,Amber,A
725,24-Jun-17,16:51:58,0,1,0,Amber,A
726,24-Jun-17,16:51:59,0,1,0,Amber,A
1012,24-Jun-17,16:52:56,0,1,0,Amber,A
1013,24-Jun-17,16:52:56,0,1,0,Amber,A
1014,24-Jun-17,16:52:56,0,1,0,Amber,A
1015,24-Jun-17,16:52:56,0,1,0,Amber,A
1016,24-Jun-17,16:52:56,0,1,0,Amber,A
1017,24-Jun-17,16:52:57,0,1,0,Amber,A
1018,24-Jun-17,16:52:57,0,1,0,Amber,A
1019,24-Jun-17,16:52:57,0,1,0,Amber,A
1020,24-Jun-17,16:52:57,0,1,0,Amber,A
1021,24-Jun-17,16:52:57,0,1,0,Amber,A
1022,24-Jun-17,16:52:57,0,1,0,Amber,A
1023,24-Jun-17,16:52:58,0,1,0,Amber,A
1024,24-Jun-17,16:52:58,0,1,0,Amber,A
1025,24-Jun-17,16:52:58,0,1,0,Amber,A
1026,24-Jun-17,16:52:58,0,1,0,Amber,A
1312,24-Jun-17,16:53:55,0,1,0,Amber,A
1313,24-Jun-17,16:53:55,0,1,0,Amber,A
1314,24-Jun-17,16:53:56,0,1,0,Amber,A
1315,24-Jun-17,16:53:56,0,1,0,Amber,A
1316,24-Jun-17,16:53:56,0,1,0,Amber,A
1317,24-Jun-17,16:53:56,0,1,0,Amber,A
1318,24-Jun-17,16:53:57,0,1,0,Amber,A
1319,24-Jun-17,16:53:57,0,1,0,Amber,A
1320,24-Jun-17,16:53:57,0,1,0,Amber,A
1321,24-Jun-17,16:53:57,0,1,0,Amber,A
1322,24-Jun-17,16:53:57,0,1,0,Amber,A
1323,24-Jun-17,16:53:58,0,1,0,Amber,A
1324,24-Jun-17,16:53:58,0,1,0,Amber,A
1325,24-Jun-17,16:53:58,0,1,0,Amber,A
1326,24-Jun-17,16:53:58,0,1,0,Amber,A
1612,24-Jun-17,16:54:55,0,1,0,Amber,A
1613,24-Jun-17,16:54:55,0,1,0,Amber,A
1614,24-Jun-17,16:54:56,0,1,0,Amber,A
1615,24-Jun-17,16:54:56,0,1,0,Amber,A
1616,24-Jun-17,16:54:56,0,1,0,Amber,A
1617,24-Jun-17,16:54:56,0,1,0,Amber,A
1618,24-Jun-17,16:54:57,0,1,0,Amber,A
1619,24-Jun-17,16:54:57,0,1,0,Amber,A
1620,24-Jun-17,16:54:57,0,1,0,Amber,A
1621,24-Jun-17,16:54:57,0,1,0,Amber,A
1622,24-Jun-17,16:54:57,0,1,0,Amber,A
1623,24-Jun-17,16:54:58,0,1,0,Amber,A
1624,24-Jun-17,16:54:58,0,1,0,Amber,A
1625,24-Jun-17,16:54:58,0,1,0,Amber,A
1626,24-Jun-17,16:54:58,0,1,0,Amber,A
1912,24-Jun-17,16:55:55,0,1,0,Amber,A
1913,24-Jun-17,16:55:55,0,1,0,Amber,A
1914,24-Jun-17,16:55:56,0,1,0,Amber,A
1915,24-Jun-17,16:55:56,0,1,0,Amber,A
1916,24-Jun-17,16:55:56,0,1,0,Amber,A
1917,24-Jun-17,16:55:56,0,1,0,Amber,A
1918,24-Jun-17,16:55:57,0,1,0,Amber,A
1919,24-Jun-17,16:55:57,0,1,0,Amber,A
1920,24-Jun-17,16:55:57,0,1,0,Amber,A
1921,24-Jun-17,16:55:57,0,1,0,Amber,A
1922,24-Jun-17,16:55:58,0,1,0,Amber,A
1923,24-Jun-17,16:55:58,0,1,0,Amber,A
1924,24-Jun-17,16:55:58,0,1,0,Amber,A
1925,24-Jun-17,16:55:58,0,1,0,Amber,A
1926,24-Jun-17,16:55:58,0,1,0,Amber,A
2212,24-Jun-17,16:56:55,0,1,0,Amber,A
2213,24-Jun-17,16:56:56,0,1,0,Amber,A
2214,24-Jun-17,16:56:56,0,1,0,Amber,A
2215,24-Jun-17,16:56:56,0,1,0,Amber,A
2216,24-Jun-17,16:56:56,0,1,0,Amber,A
2217,24-Jun-17,16:56:56,0,1,0,Amber,A
2218,24-Jun-17,16:56:56,0,1,0,Amber,A
2219,24-Jun-17,16:56:57,0,1,0,Amber,A
2220,24-Jun-17,16:56:57,0,1,0,Amber,A
2221,24-Jun-17,16:56:57,0,1,0,Amber,A
2222,24-Jun-17,16:56:57,0,1,0,Amber,A
2223,24-Jun-17,16:56:58,0,1,0,Amber,A
2224,24-Jun-17,16:56:58,0,1,0,Amber,A
2225,24-Jun-17,16:56:58,0,1,0,Amber,A
2226,24-Jun-17,16:56:58,0,1,0,Amber,A
2512,24-Jun-17,16:57:56,0,1,0,Amber,A
2513,24-Jun-17,16:57:56,0,1,0,Amber,A
2514,24-Jun-17,16:57:56,0,1,0,Amber,A
2515,24-Jun-17,16:57:56,0,1,0,Amber,A
2516,24-Jun-17,16:57:56,0,1,0,Amber,A
2517,24-Jun-17,16:57:56,0,1,0,Amber,A
2518,24-Jun-17,16:57:56,0,1,0,Amber,A
2519,24-Jun-17,16:57:57,0,1,0,Amber,A
2520,24-Jun-17,16:57:57,0,1,0,Amber,A
2521,24-Jun-17,16:57:57,0,1,0,Amber,A
2522,24-Jun-17,16:57:57,0,1,0,Amber,A
2523,24-Jun-17,16:57:57,0,1,0,Amber,A
2524,24-Jun-17,16:57:58,0,1,0,Amber,A
2525,24-Jun-17,16:57:58,0,1,0,Amber,A
2526,24-Jun-17,16:57:58,0,1,0,Amber,A
2812,24-Jun-17,16:58:55,0,1,0,Amber,A
2813,24-Jun-17,16:58:56,0,1,0,Amber,A
2814,24-Jun-17,16:58:56,0,1,0,Amber,A
2815,24-Jun-17,16:58:56,0,1,0,Amber,A
2816,24-Jun-17,16:58:56,0,1,0,Amber,A
2817,24-Jun-17,16:58:56,0,1,0,Amber,A
2818,24-Jun-17,16:58:57,0,1,0,Amber,A
2819,24-Jun-17,16:58:57,0,1,0,Amber,A
2820,24-Jun-17,16:58:57,0,1,0,Amber,A
2821,24-Jun-17,16:58:57,0,1,0,Amber,A
2822,24-Jun-17,16:58:58,0,1,0,Amber,A
2823,24-Jun-17,16:58:58,0,1,0,Amber,A
2824,24-Jun-17,16:58:58,0,1,0,Amber,A
2825,24-Jun-17,16:58:58,0,1,0,Amber,A
2826,24-Jun-17,16:58:58,0,1,0,Amber,A
3112,24-Jun-17,16:59:55,0,1,0,Amber,A
3113,24-Jun-17,16:59:56,0,1,0,Amber,A
3114,24-Jun-17,16:59:56,0,1,0,Amber,A
3115,24-Jun-17,16:59:56,0,1,0,Amber,A
3116,24-Jun-17,16:59:56,0,1,0,Amber,A
3117,24-Jun-17,16:59:56,0,1,0,Amber,A
3118,24-Jun-17,16:59:57,0,1,0,Amber,A
3119,24-Jun-17,16:59:57,0,1,0,Amber,A
3120,24-Jun-17,16:59:57,0,1,0,Amber,A
3121,24-Jun-17,16:59:57,0,1,0,Amber,A
3122,24-Jun-17,16:59:58,0,1,0,Amber,A
3123,24-Jun-17,16:59:58,0,1,0,Amber,A
3124,24-Jun-17,16:59:58,0,1,0,Amber,A
3125,24-Jun-17,16:59:58,0,1,0,Amber,A
3126,24-Jun-17,16:59:58,0,1,0,Amber,A
3412,24-Jun-17,17:00:55,0,1,0,Amber,A
3413,24-Jun-17,17:00:56,0,1,0,Amber,A
3414,24-Jun-17,17:00:56,0,1,0,Amber,A
3415,24-Jun-17,17:00:56,0,1,0,Amber,A
3416,24-Jun-17,17:00:56,0,1,0,Amber,A
3417,24-Jun-17,17:00:57,0,1,0,Amber,A
3418,24-Jun-17,17:00:57,0,1,0,Amber,A
3419,24-Jun-17,17:00:57,0,1,0,Amber,A
3420,24-Jun-17,17:00:57,0,1,0,Amber,A
3421,24-Jun-17,17:00:57,0,1,0,Amber,A
3422,24-Jun-17,17:00:57,0,1,0,Amber,A
3423,24-Jun-17,17:00:57,0,1,0,Amber,A
3424,24-Jun-17,17:00:58,0,1,0,Amber,A
3425,24-Jun-17,17:00:58,0,1,0,Amber,A
3426,24-Jun-17,17:00:58,0,1,0,Amber,A
3712,24-Jun-17,17:01:55,0,1,0,Amber,A
3713,24-Jun-17,17:01:56,0,1,0,Amber,A
3714,24-Jun-17,17:01:56,0,1,0,Amber,A
3715,24-Jun-17,17:01:56,0,1,0,Amber,A
3716,24-Jun-17,17:01:56,0,1,0,Amber,A
3717,24-Jun-17,17:01:57,0,1,0,Amber,A
3718,24-Jun-17,17:01:57,0,1,0,Amber,A
3719,24-Jun-17,17:01:57,0,1,0,Amber,A
3720,24-Jun-17,17:01:57,0,1,0,Amber,A
3721,24-Jun-17,17:01:57,0,1,0,Amber,A
3722,24-Jun-17,17:01:57,0,1,0,Amber,A
3723,24-Jun-17,17:01:58,0,1,0,Amber,A
3724,24-Jun-17,17:01:58,0,1,0,Amber,A
3725,24-Jun-17,17:01:58,0,1,0,Amber,A
3726,24-Jun-17,17:01:58,0,1,0,Amber,A
4012,24-Jun-17,17:17:59,0,1,0,Amber,A
4013,24-Jun-17,17:17:59,0,1,0,Amber,A
4014,24-Jun-17,17:17:59,0,1,0,Amber,A
4015,24-Jun-17,17:17:59,0,1,0,Amber,A
4016,24-Jun-17,17:17:59,0,1,0,Amber,A
4017,24-Jun-17,17:17:59,0,1,0,Amber,A
4018,24-Jun-17,17:17:59,0,1,0,Amber,A
4019,24-Jun-17,17:17:59,0,1,0,Amber,A
4020,24-Jun-17,17:17:59,0,1,0,Amber,A
4021,24-Jun-17,17:18:00,0,1,0,Amber,A
4022,24-Jun-17,17:18:00,0,1,0,Amber,A
4023,24-Jun-17,17:18:00,0,1,0,Amber,A
4024,24-Jun-17,17:18:00,0,1,0,Amber,A
4025,24-Jun-17,17:18:00,0,1,0,Amber,A
4026,24-Jun-17,17:18:00,0,1,0,Amber,A
4312,24-Jun-17,17:18:01,0,1,0,Amber,A
4313,24-Jun-17,17:18:01,0,1,0,Amber,A
4314,24-Jun-17,17:18:01,0,1,0,Amber,A
4315,24-Jun-17,17:18:01,0,1,0,Amber,A
4316,24-Jun-17,17:18:01,0,1,0,Amber,A
4317,24-Jun-17,17:18:01,0,1,0,Amber,A
4318,24-Jun-17,17:18:01,0,1,0,Amber,A
4319,24-Jun-17,17:18:01,0,1,0,Amber,A
4320,24-Jun-17,17:18:01,0,1,0,Amber,A
4321,24-Jun-17,17:18:01,0,1,0,Amber,A
4322,24-Jun-17,17:18:01,0,1,0,Amber,A
4323,24-Jun-17,17:18:01,0,1,0,Amber,A
4324,24-Jun-17,17:18:01,0,1,0,Amber,A
4325,24-Jun-17,17:18:01,0,1,0,Amber,A
4326,24-Jun-17,17:18:01,0,1,0,Amber,A
4612,24-Jun-17,17:18:01,0,1,0,Amber,A
4613,24-Jun-17,17:18:01,0,1,0,Amber,A
4614,24-Jun-17,17:18:01,0,1,0,Amber,A
4615,24-Jun-17,17:18:01,0,1,0,Amber,A
4616,24-Jun-17,17:18:01,0,1,0,Amber,A
4617,24-Jun-17,17:18:01,0,1,0,Amber,A
4618,24-Jun-17,17:18:01,0,1,0,Amber,A
4619,24-Jun-17,17:18:01,0,1,0,Amber,A
4620,24-Jun-17,17:18:01,0,1,0,Amber,A
4621,24-Jun-17,17:18:01,0,1,0,Amber,A
4622,24-Jun-17,17:18:01,0,1,0,Amber,A
4623,24-Jun-17,17:18:01,0,1,0,Amber,A
4624,24-Jun-17,17:18:01,0,1,0,Amber,A
4625,24-Jun-17,17:18:01,0,1,0,Amber,A
4626,24-Jun-17,17:18:01,0,1,0,Amber,A
4912,24-Jun-17,17:18:02,0,1,0,Amber,A
4913,24-Jun-17,17:18:02,0,1,0,Amber,A
4914,24-Jun-17,17:18:02,0,1,0,Amber,A
4915,24-Jun-17,17:18:02,0,1,0,Amber,A
4916,24-Jun-17,17:18:02,0,1,0,Amber,A
4917,24-Jun-17,17:18:02,0,1,0,Amber,A
4918,24-Jun-17,17:18:02,0,1,0,Amber,A
4919,24-Jun-17,17:18:02,0,1,0,Amber,A
4920,24-Jun-17,17:18:02,0,1,0,Amber,A
4921,24-Jun-17,17:18:02,0,1,0,Amber,A
4922,24-Jun-17,17:18:02,0,1,0,Amber,A
4923,24-Jun-17,17:18:02,0,1,0,Amber,A
4924,24-Jun-17,17:18:02,0,1,0,Amber,A
4925,24-Jun-17,17:18:02,0,1,0,Amber,A
4926,24-Jun-17,17:18:02,0,1,0,Amber,A
5212,24-Jun-17,17:18:02,0,1,0,Amber,A
5213,24-Jun-17,17:18:02,0,1,0,Amber,A
5214,24-Jun-17,17:18:02,0,1,0,Amber,A
5215,24-Jun-17,17:18:02,0,1,0,Amber,A
5216,24-Jun-17,17:18:02,0,1,0,Amber,A
5217,24-Jun-17,17:18:02,0,1,0,Amber,A
5218,24-Jun-17,17:18:02,0,1,0,Amber,A
5219,24-Jun-17,17:18:02,0,1,0,Amber,A
5220,24-Jun-17,17:18:02,0,1,0,Amber,A
5221,24-Jun-17,17:18:02,0,1,0,Amber,A
5222,24-Jun-17,17:18:02,0,1,0,Amber,A
5223,24-Jun-17,17:18:02,0,1,0,Amber,A
5224,24-Jun-17,17:18:02,0,1,0,Amber,A
5225,24-Jun-17,17:18:02,0,1,0,Amber,A
5226,24-Jun-17,17:18:02,0,1,0,Amber,A
5512,24-Jun-17,17:18:02,0,1,0,Amber,A
5513,24-Jun-17,17:18:02,0,1,0,Amber,A
5514,24-Jun-17,17:18:02,0,1,0,Amber,A
5515,24-Jun-17,17:18:02,0,1,0,Amber,A
5516,24-Jun-17,17:18:02,0,1,0,Amber,A
5517,24-Jun-17,17:18:02,0,1,0,Amber,A
5518,24-Jun-17,17:18:02,0,1,0,Amber,A
5519,24-Jun-17,17:18:02,0,1,0,Amber,A
5520,24-Jun-17,17:18:02,0,1,0,Amber,A
5521,24-Jun-17,17:18:02,0,1,0,Amber,A
5522,24-Jun-17,17:18:02,0,1,0,Amber,A
5523,24-Jun-17,17:18:02,0,1,0,Amber,A
5524,24-Jun-17,17:18:02,0,1,0,Amber,A
5525,24-Jun-17,17:18:02,0,1,0,Amber,A
5526,24-Jun-17,17:18:02,0,1,0,Amber,A
5812,24-Jun-17,17:18:02,0,1,0,Amber,A
5813,24-Jun-17,17:18:02,0,1,0,Amber,A
5814,24-Jun-17,17:18:02,0,1,0,Amber,A
5815,24-Jun-17,17:18:02,0,1,0,Amber,A
5816,24-Jun-17,17:18:02,0,1,0,Amber,A
5817,24-Jun-17,17:18:02,0,1,0,Amber,A
5818,24-Jun-17,17:18:02,0,1,0,Amber,A
5819,24-Jun-17,17:18:02,0,1,0,Amber,A
5820,24-Jun-17,17:18:02,0,1,0,Amber,A
5821,24-Jun-17,17:18:02,0,1,0,Amber,A
5822,24-Jun-17,17:18:02,0,1,0,Amber,A
5823,24-Jun-17,17:18:02,0,1,0,Amber,A
5824,24-Jun-17,17:18:02,0,1,0,Amber,A
5825,24-Jun-17,17:18:02,0,1,0,Amber,A
5826,24-Jun-17,17:18:02,0,1,0,Amber,A
6112,24-Jun-17,17:18:03,0,1,0,Amber,A
6113,24-Jun-17,17:18:03,0,1,0,Amber,A
6114,24-Jun-17,17:18:03,0,1,0,Amber,A
6115,24-Jun-17,17:18:03,0,1,0,Amber,A
6116,24-Jun-17,17:18:03,0,1,0,Amber,A
6117,24-Jun-17,17:18:03,0,1,0,Amber,A
6118,24-Jun-17,17:18:03,0,1,0,Amber,A
6119,24-Jun-17,17:18:03,0,1,0,Amber,A
6120,24-Jun-17,17:18:03,0,1,0,Amber,A
6121,24-Jun-17,17:18:03,0,1,0,Amber,A
6122,24-Jun-17,17:18:03,0,1,0,Amber,A
6123,24-Jun-17,17:18:03,0,1,0,Amber,A
6124,24-Jun-17,17:18:03,0,1,0,Amber,A
6125,24-Jun-17,17:18:03,0,1,0,Amber,A
6126,24-Jun-17,17:18:03,0,1,0,Amber,A
6412,24-Jun-17,17:18:03,0,1,0,Amber,A
6413,24-Jun-17,17:18:03,0,1,0,Amber,A
6414,24-Jun-17,17:18:03,0,1,0,Amber,A
6415,24-Jun-17,17:18:03,0,1,0,Amber,A
6416,24-Jun-17,17:18:03,0,1,0,Amber,A
6417,24-Jun-17,17:18:03,0,1,0,Amber,A
6418,24-Jun-17,17:18:03,0,1,0,Amber,A
6419,24-Jun-17,17:18:03,0,1,0,Amber,A
6420,24-Jun-17,17:18:03,0,1,0,Amber,A
6421,24-Jun-17,17:18:03,0,1,0,Amber,A
6422,24-Jun-17,17:18:03,0,1,0,Amber,A
6423,24-Jun-17,17:18:03,0,1,0,Amber,A
6424,24-Jun-17,17:18:03,0,1,0,Amber,A
6425,24-Jun-17,17:18:03,0,1,0,Amber,A
6426,24-Jun-17,17:18:03,0,1,0,Amber,A
6712,24-Jun-17,17:18:03,0,1,0,Amber,A
6713,24-Jun-17,17:18:03,0,1,0,Amber,A
6714,24-Jun-17,17:18:03,0,1,0,Amber,A
6715,24-Jun-17,17:18:03,0,1,0,Amber,A
6716,24-Jun-17,17:18:03,0,1,0,Amber,A
6717,24-Jun-17,17:18:03,0,1,0,Amber,A
6718,24-Jun-17,17:18:03,0,1,0,Amber,A
6719,24-Jun-17,17:18:03,0,1,0,Amber,A
6720,24-Jun-17,17:18:03,0,1,0,Amber,A
6721,24-Jun-17,17:18:03,0,1,0,Amber,A
6722,24-Jun-17,17:18:03,0,1,0,Amber,A
6723,24-Jun-17,17:18:03,0,1,0,Amber,A
6724,24-Jun-17,17:18:03,0,1,0,Amber,A
6725,24-Jun-17,17:18:03,0,1,0,Amber,A
6726,24-Jun-17,17:18:03,0,1,0,Amber,A
7012,24-Jun-17,17:18:03,0,1,0,Amber,A
7013,24-Jun-17,17:18:03,0,1,0,Amber,A
7014,24-Jun-17,17:18:03,0,1,0,Amber,A
7015,24-Jun-17,17:18:03,0,1,0,Amber,A
7016,24-Jun-17,17:18:03,0,1,0,Amber,A
7017,24-Jun-17,17:18:03,0,1,0,Amber,A
7018,24-Jun-17,17:18:03,0,1,0,Amber,A
7019,24-Jun-17,17:18:03,0,1,0,Amber,A
7020,24-Jun-17,17:18:03,0,1,0,Amber,A
7021,24-Jun-17,17:18:03,0,1,0,Amber,A
7022,24-Jun-17,17:18:03,0,1,0,Amber,A
7023,24-Jun-17,17:18:03,0,1,0,Amber,A
7024,24-Jun-17,17:18:03,0,1,0,Amber,A
7025,24-Jun-17,17:18:03,0,1,0,Amber,A
7026,24-Jun-17,17:18:03,0,1,0,Amber,A
7312,24-Jun-17,17:18:03,0,1,0,Amber,A
7313,24-Jun-17,17:18:03,0,1,0,Amber,A
7314,24-Jun-17,17:18:03,0,1,0,Amber,A
7315,24-Jun-17,17:18:03,0,1,0,Amber,A
7316,24-Jun-17,17:18:03,0,1,0,Amber,A
7317,24-Jun-17,17:18:03,0,1,0,Amber,A
7318,24-Jun-17,17:18:03,0,1,0,Amber,A
7319,24-Jun-17,17:18:03,0,1,0,Amber,A
7320,24-Jun-17,17:18:03,0,1,0,Amber,A
7321,24-Jun-17,17:18:03,0,1,0,Amber,A
7322,24-Jun-17,17:18:03,0,1,0,Amber,A
7323,24-Jun-17,17:18:03,0,1,0,Amber,A
7324,24-Jun-17,17:18:03,0,1,0,Amber,A
7325,24-Jun-17,17:18:03,0,1,0,Amber,A
7326,24-Jun-17,17:18:03,0,1,0,Amber,A
7612,24-Jun-17,17:18:03,0,1,0,Amber,A
7613,24-Jun-17,17:18:03,0,1,0,Amber,A
7614,24-Jun-17,17:18:03,0,1,0,Amber,A
7615,24-Jun-17,17:18:03,0,1,0,Amber,A
7616,24-Jun-17,17:18:03,0,1,0,Amber,A
7617,24-Jun-17,17:18:03,0,1,0,Amber,A
7618,24-Jun-17,17:18:03,0,1,0,Amber,A
7619,24-Jun-17,17:18:03,0,1,0,Amber,A
7620,24-Jun-17,17:18:03,0,1,0,Amber,A
7621,24-Jun-17,17:18:03,0,1,0,Amber,A
7622,24-Jun-17,17:18:03,0,1,0,Amber,A
7623,24-Jun-17,17:18:03,0,1,0,Amber,A
7624,24-Jun-17,17:18:03,0,1,0,Amber,A
7625,24-Jun-17,17:18:03,0,1,0,Amber,A
7626,24-Jun-17,17:18:03,0,1,0,Amber,A
7912,24-Jun-17,17:18:03,0,1,0,Amber,A
7913,24-Jun-17,17:18:03,0,1,0,Amber,A
7914,24-Jun-17,17:18:03,0,1,0,Amber,A
7915,24-Jun-17,17:18:03,0,1,0,Amber,A
7916,24-Jun-17,17:18:03,0,1,0,Amber,A
7917,24-Jun-17,17:18:03,0,1,0,Amber,A
7918,24-Jun-17,17:18:03,0,1,0,Amber,A
7919,24-Jun-17,17:18:03,0,1,0,Amber,A
7920,24-Jun-17,17:18:03,0,1,0,Amber,A
7921,24-Jun-17,17:18:03,0,1,0,Amber,A
7922,24-Jun-17,17:18:03,0,1,0,Amber,A
7923,24-Jun-17,17:18:03,0,1,0,Amber,A
7924,24-Jun-17,17:18:03,0,1,0,Amber,A
7925,24-Jun-17,17:18:03,0,1,0,Amber,A
7926,24-Jun-17,17:18:03,0,1,0,Amber,A
8212,24-Jun-17,17:18:04,0,1,0,Amber,A
8213,24-Jun-17,17:18:04,0,1,0,Amber,A
8214,24-Jun-17,17:18:04,0,1,0,Amber,A
8215,24-Jun-17,17:18:04,0,1,0,Amber,A
8216,24-Jun-17,17:18:04,0,1,0,Amber,A
8217,24-Jun-17,17:18:04,0,1,0,Amber,A
8218,24-Jun-17,17:18:04,0,1,0,Amber,A
8219,24-Jun-17,17:18:04,0,1,0,Amber,A
8220,24-Jun-17,17:18:04,0,1,0,Amber,A
8221,24-Jun-17,17:18:04,0,1,0,Amber,A
8222,24-Jun-17,17:18:04,0,1,0,Amber,A
8223,24-Jun-17,17:18:04,0,1,0,Amber,A
8224,24-Jun-17,17:18:04,0,1,0,Amber,A
8225,24-Jun-17,17:18:04,0,1,0,Amber,A
8226,24-Jun-17,17:18:04,0,1,0,Amber,A
8512,24-Jun-17,17:18:04,0,1,0,Amber,A
8513,24-Jun-17,17:18:04,0,1,0,Amber,A
8514,24-Jun-17,17:18:04,0,1,0,Amber,A
8515,24-Jun-17,17:18:04,0,1,0,Amber,A
8516,24-Jun-17,17:18:04,0,1,0,Amber,A
8517,24-Jun-17,17:18:04,0,1,0,Amber,A
8518,24-Jun-17,17:18:04,0,1,0,Amber,A
8519,24-Jun-17,17:18:04,0,1,0,Amber,A
8520,24-Jun-17,17:18:04,0,1,0,Amber,A
8521,24-Jun-17,17:18:04,0,1,0,Amber,A
8522,24-Jun-17,17:18:04,0,1,0,Amber,A
8523,24-Jun-17,17:18:04,0,1,0,Amber,A
8524,24-Jun-17,17:18:04,0,1,0,Amber,A
8525,24-Jun-17,17:18:04,0,1,0,Amber,A
8526,24-Jun-17,17:18:04,0,1,0,Amber,A
8812,24-Jun-17,17:18:55,0,1,0,Amber,A
8813,24-Jun-17,17:18:56,0,1,0,Amber,A
8814,24-Jun-17,17:18:56,0,1,0,Amber,A
8815,24-Jun-17,17:18:56,0,1,0,Amber,A
8816,24-Jun-17,17:18:56,0,1,0,Amber,A
8817,24-Jun-17,17:18:57,0,1,0,Amber,A
8818,24-Jun-17,17:18:57,0,1,0,Amber,A
8819,24-Jun-17,17:18:57,0,1,0,Amber,A
8820,24-Jun-17,17:18:57,0,1,0,Amber,A
8821,24-Jun-17,17:18:57,0,1,0,Amber,A
8822,24-Jun-17,17:18:57,0,1,0,Amber,A
8823,24-Jun-17,17:18:57,0,1,0,Amber,A
8824,24-Jun-17,17:18:58,0,1,0,Amber,A
8825,24-Jun-17,17:18:58,0,1,0,Amber,A
8826,24-Jun-17,17:18:58,0,1,0,Amber,A
9112,24-Jun-17,17:19:55,0,1,0,Amber,A
9113,24-Jun-17,17:19:56,0,1,0,Amber,A
9114,24-Jun-17,17:19:56,0,1,0,Amber,A
9115,24-Jun-17,17:19:56,0,1,0,Amber,A
9116,24-Jun-17,17:19:56,0,1,0,Amber,A
9117,24-Jun-17,17:19:56,0,1,0,Amber,A
9118,24-Jun-17,17:19:57,0,1,0,Amber,A
9119,24-Jun-17,17:19:57,0,1,0,Amber,A
9120,24-Jun-17,17:19:57,0,1,0,Amber,A
9121,24-Jun-17,17:19:57,0,1,0,Amber,A
9122,24-Jun-17,17:19:58,0,1,0,Amber,A
9123,24-Jun-17,17:19:58,0,1,0,Amber,A
9124,24-Jun-17,17:19:58,0,1,0,Amber,A
9125,24-Jun-17,17:19:58,0,1,0,Amber,A
9126,24-Jun-17,17:19:58,0,1,0,Amber,A
9412,24-Jun-17,17:20:55,0,1,0,Amber,A
9413,24-Jun-17,17:20:56,0,1,0,Amber,A
9414,24-Jun-17,17:20:56,0,1,0,Amber,A
9415,24-Jun-17,17:20:56,0,1,0,Amber,A
9416,24-Jun-17,17:20:56,0,1,0,Amber,A
9417,24-Jun-17,17:20:56,0,1,0,Amber,A
9418,24-Jun-17,17:20:56,0,1,0,Amber,A
9419,24-Jun-17,17:20:57,0,1,0,Amber,A
9420,24-Jun-17,17:20:57,0,1,0,Amber,A
9421,24-Jun-17,17:20:57,0,1,0,Amber,A
9422,24-Jun-17,17:20:57,0,1,0,Amber,A
9423,24-Jun-17,17:20:57,0,1,0,Amber,A
9424,24-Jun-17,17:20:58,0,1,0,Amber,A
9425,24-Jun-17,17:20:58,0,1,0,Amber,A
9426,24-Jun-17,17:20:58,0,1,0,Amber,A
9712,24-Jun-17,17:21:55,0,1,0,Amber,A
9713,24-Jun-17,17:21:55,0,1,0,Amber,A
9714,24-Jun-17,17:21:56,0,1,0,Amber,A
9715,24-Jun-17,17:21:56,0,1,0,Amber,A
9716,24-Jun-17,17:21:56,0,1,0,Amber,A
9717,24-Jun-17,17:21:56,0,1,0,Amber,A
9718,24-Jun-17,17:21:56,0,1,0,Amber,A
9719,24-Jun-17,17:21:57,0,1,0,Amber,A
9720,24-Jun-17,17:21:57,0,1,0,Amber,A
9721,24-Jun-17,17:21:57,0,1,0,Amber,A
9722,24-Jun-17,17:21:57,0,1,0,Amber,A
9723,24-Jun-17,17:21:58,0,1,0,Amber,A
9724,24-Jun-17,17:21:58,0,1,0,Amber,A
9725,24-Jun-17,17:21:58,0,1,0,Amber,A
9726,24-Jun-17,17:21:58,0,1,0,Amber,A
10012,24-Jun-17,17:22:55,0,1,0,Amber,A
10013,24-Jun-17,17:22:56,0,1,0,Amber,A
10014,24-Jun-17,17:22:56,0,1,0,Amber,A
10015,24-Jun-17,17:22:56,0,1,0,Amber,A
10016,24-Jun-17,17:22:56,0,1,0,Amber,A
10017,24-Jun-17,17:22:57,0,1,0,Amber,A
10018,24-Jun-17,17:22:57,0,1,0,Amber,A
10019,24-Jun-17,17:22:57,0,1,0,Amber,A
10020,24-Jun-17,17:22:57,0,1,0,Amber,A
10021,24-Jun-17,17:22:57,0,1,0,Amber,A
10022,24-Jun-17,17:22:57,0,1,0,Amber,A
10023,24-Jun-17,17:22:57,0,1,0,Amber,A
10024,24-Jun-17,17:22:58,0,1,0,Amber,A
10025,24-Jun-17,17:22:58,0,1,0,Amber,A
10026,24-Jun-17,17:22:58,0,1,0,Amber,A
10312,24-Jun-17,17:23:55,0,1,0,Amber,A
10313,24-Jun-17,17:23:55,0,1,0,Amber,A
10314,24-Jun-17,17:23:56,0,1,0,Amber,A
10315,24-Jun-17,17:23:56,0,1,0,Amber,A
10316,24-Jun-17,17:23:56,0,1,0,Amber,A
10317,24-Jun-17,17:23:56,0,1,0,Amber,A
10318,24-Jun-17,17:23:56,0,1,0,Amber,A
10319,24-Jun-17,17:23:57,0,1,0,Amber,A
10320,24-Jun-17,17:23:57,0,1,0,Amber,A
10321,24-Jun-17,17:23:57,0,1,0,Amber,A
10322,24-Jun-17,17:23:57,0,1,0,Amber,A
10323,24-Jun-17,17:23:58,0,1,0,Amber,A
10324,24-Jun-17,17:23:58,0,1,0,Amber,A
10325,24-Jun-17,17:23:58,0,1,0,Amber,A
10326,24-Jun-17,17:23:58,0,1,0,Amber,A
10612,24-Jun-17,17:24:55,0,1,0,Amber,A
10613,24-Jun-17,17:24:56,0,1,0,Amber,A
10614,24-Jun-17,17:24:56,0,1,0,Amber,A
10615,24-Jun-17,17:24:56,0,1,0,Amber,A
10616,24-Jun-17,17:24:56,0,1,0,Amber,A
10617,24-Jun-17,17:24:56,0,1,0,Amber,A
10618,24-Jun-17,17:24:56,0,1,0,Amber,A
10619,24-Jun-17,17:24:57,0,1,0,Amber,A
10620,24-Jun-17,17:24:57,0,1,0,Amber,A
10621,24-Jun-17,17:24:57,0,1,0,Amber,A
10622,24-Jun-17,17:24:57,0,1,0,Amber,A
10623,24-Jun-17,17:24:57,0,1,0,Amber,A
10624,24-Jun-17,17:24:58,0,1,0,Amber,A
10625,24-Jun-17,17:24:58,0,1,0,Amber,A
10626,24-Jun-17,17:24:58,0,1,0,Amber,A
10912,24-Jun-17,17:25:55,0,1,0,Amber,A
10913,24-Jun-17,17:25:56,0,1,0,Amber,A
10914,24-Jun-17,17:25:56,0,1,0,Amber,A
10915,24-Jun-17,17:25:56,0,1,0,Amber,A
10916,24-Jun-17,17:25:56,0,1,0,Amber,A
10917,24-Jun-17,17:25:56,0,1,0,Amber,A
10918,24-Jun-17,17:25:56,0,1,0,Amber,A
10919,24-Jun-17,17:25:57,0,1,0,Amber,A
10920,24-Jun-17,17:25:57,0,1,0,Amber,A
10921,24-Jun-17,17:25:57,0,1,0,Amber,A
10922,24-Jun-17,17:25:57,0,1,0,Amber,A
10923,24-Jun-17,17:25:57,0,1,0,Amber,A
10924,24-Jun-17,17:25:58,0,1,0,Amber,A
10925,24-Jun-17,17:25:58,0,1,0,Amber,A
10926,24-Jun-17,17:25:58,0,1,0,Amber,A
11212,24-Jun-17,17:26:55,0,1,0,Amber,A
11213,24-Jun-17,17:26:56,0,1,0,Amber,A
11214,24-Jun-17,17:26:56,0,1,0,Amber,A
11215,24-Jun-17,17:26:56,0,1,0,Amber,A
11216,24-Jun-17,17:26:56,0,1,0,Amber,A
11217,24-Jun-17,17:26:56,0,1,0,Amber,A
11218,24-Jun-17,17:26:56,0,1,0,Amber,A
11219,24-Jun-17,17:26:57,0,1,0,Amber,A
11220,24-Jun-17,17:26:57,0,1,0,Amber,A
11221,24-Jun-17,17:26:57,0,1,0,Amber,A
11222,24-Jun-17,17:26:57,0,1,0,Amber,A
11223,24-Jun-17,17:26:57,0,1,0,Amber,A
11224,24-Jun-17,17:26:58,0,1,0,Amber,A
11225,24-Jun-17,17:26:58,0,1,0,Amber,A
11226,24-Jun-17,17:26:58,0,1,0,Amber,A
11512,24-Jun-17,17:27:55,0,1,0,Amber,A
11513,24-Jun-17,17:27:56,0,1,0,Amber,A
11514,24-Jun-17,17:27:56,0,1,0,Amber,A
11515,24-Jun-17,17:27:56,0,1,0,Amber,A
11516,24-Jun-17,17:27:56,0,1,0,Amber,A
11517,24-Jun-17,17:27:56,0,1,0,Amber,A
11518,24-Jun-17,17:27:57,0,1,0,Amber,A
11519,24-Jun-17,17:27:57,0,1,0,Amber,A
11520,24-Jun-17,17:27:57,0,1,0,Amber,A
11521,24-Jun-17,17:27:57,0,1,0,Amber,A
11522,24-Jun-17,17:27:58,0,1,0,Amber,A
11523,24-Jun-17,17:27:58,0,1,0,Amber,A
11524,24-Jun-17,17:27:58,0,1,0,Amber,A
11525,24-Jun-17,17:27:58,0,1,0,Amber,A
11526,24-Jun-17,17:27:58,0,1,0,Amber,A
11812,24-Jun-17,17:53:42,0,1,0,Amber,A
11813,24-Jun-17,17:53:42,0,1,0,Amber,A
11814,24-Jun-17,17:53:42,0,1,0,Amber,A
11815,24-Jun-17,17:53:42,0,1,0,Amber,A
11816,24-Jun-17,17:53:42,0,1,0,Amber,A
11817,24-Jun-17,17:53:42,0,1,0,Amber,A
11818,24-Jun-17,17:53:42,0,1,0,Amber,A
11819,24-Jun-17,17:53:42,0,1,0,Amber,A
11820,24-Jun-17,17:53:42,0,1,0,Amber,A
11821,24-Jun-17,17:53:42,0,1,0,Amber,A
11822,24-Jun-17,17:53:42,0,1,0,Amber,A
11823,24-Jun-17,17:53:42,0,1,0,Amber,A
11824,24-Jun-17,17:53:42,0,1,0,Amber,A
11825,24-Jun-17,17:53:42,0,1,0,Amber,A
11826,24-Jun-17,17:53:42,0,1,0,Amber,A
12112,24-Jun-17,17:53:43,0,1,0,Amber,A
12113,24-Jun-17,17:53:43,0,1,0,Amber,A
12114,24-Jun-17,17:53:43,0,1,0,Amber,A
12115,24-Jun-17,17:53:43,0,1,0,Amber,A
12116,24-Jun-17,17:53:43,0,1,0,Amber,A
12117,24-Jun-17,17:53:43,0,1,0,Amber,A
12118,24-Jun-17,17:53:43,0,1,0,Amber,A
12119,24-Jun-17,17:53:43,0,1,0,Amber,A
12120,24-Jun-17,17:53:43,0,1,0,Amber,A
12121,24-Jun-17,17:53:43,0,1,0,Amber,A
12122,24-Jun-17,17:53:43,0,1,0,Amber,A
12123,24-Jun-17,17:53:43,0,1,0,Amber,A
12124,24-Jun-17,17:53:43,0,1,0,Amber,A
12125,24-Jun-17,17:53:43,0,1,0,Amber,A
12126,24-Jun-17,17:53:43,0,1,0,Amber,A
12412,24-Jun-17,17:53:44,0,1,0,Amber,A
12413,24-Jun-17,17:53:44,0,1,0,Amber,A
12414,24-Jun-17,17:53:44,0,1,0,Amber,A
12415,24-Jun-17,17:53:44,0,1,0,Amber,A
12416,24-Jun-17,17:53:44,0,1,0,Amber,A
12417,24-Jun-17,17:53:44,0,1,0,Amber,A
12418,24-Jun-17,17:53:44,0,1,0,Amber,A
12419,24-Jun-17,17:53:44,0,1,0,Amber,A
12420,24-Jun-17,17:53:44,0,1,0,Amber,A
12421,24-Jun-17,17:53:44,0,1,0,Amber,A
12422,24-Jun-17,17:53:44,0,1,0,Amber,A
12423,24-Jun-17,17:53:44,0,1,0,Amber,A
12424,24-Jun-17,17:53:44,0,1,0,Amber,A
12425,24-Jun-17,17:53:44,0,1,0,Amber,A
12426,24-Jun-17,17:53:44,0,1,0,Amber,A
12712,24-Jun-17,17:53:45,0,1,0,Amber,A
12713,24-Jun-17,17:53:45,0,1,0,Amber,A
12714,24-Jun-17,17:53:45,0,1,0,Amber,A
12715,24-Jun-17,17:53:45,0,1,0,Amber,A
12716,24-Jun-17,17:53:45,0,1,0,Amber,A
12717,24-Jun-17,17:53:45,0,1,0,Amber,A
12718,24-Jun-17,17:53:45,0,1,0,Amber,A
12719,24-Jun-17,17:53:45,0,1,0,Amber,A
12720,24-Jun-17,17:53:45,0,1,0,Amber,A
12721,24-Jun-17,17:53:45,0,1,0,Amber,A
12722,24-Jun-17,17:53:45,0,1,0,Amber,A
12723,24-Jun-17,17:53:45,0,1,0,Amber,A
12724,24-Jun-17,17:53:45,0,1,0,Amber,A
12725,24-Jun-17,17:53:45,0,1,0,Amber,A
12726,24-Jun-17,17:53:45,0,1,0,Amber,A
13012,24-Jun-17,17:53:45,0,1,0,Amber,A
13013,24-Jun-17,17:53:45,0,1,0,Amber,A
13014,24-Jun-17,17:53:45,0,1,0,Amber,A
13015,24-Jun-17,17:53:45,0,1,0,Amber,A
13016,24-Jun-17,17:53:45,0,1,0,Amber,A
13017,24-Jun-17,17:53:45,0,1,0,Amber,A
13018,24-Jun-17,17:53:45,0,1,0,Amber,A
13019,24-Jun-17,17:53:45,0,1,0,Amber,A
13020,24-Jun-17,17:53:45,0,1,0,Amber,A
13021,24-Jun-17,17:53:45,0,1,0,Amber,A
13022,24-Jun-17,17:53:45,0,1,0,Amber,A
13023,24-Jun-17,17:53:45,0,1,0,Amber,A
13024,24-Jun-17,17:53:45,0,1,0,Amber,A
13025,24-Jun-17,17:53:45,0,1,0,Amber,A
13026,24-Jun-17,17:53:45,0,1,0,Amber,A
13312,24-Jun-17,17:53:45,0,1,0,Amber,A
13313,24-Jun-17,17:53:45,0,1,0,Amber,A
13314,24-Jun-17,17:53:45,0,1,0,Amber,A
13315,24-Jun-17,17:53:45,0,1,0,Amber,A
13316,24-Jun-17,17:53:45,0,1,0,Amber,A
13317,24-Jun-17,17:53:45,0,1,0,Amber,A
13318,24-Jun-17,17:53:45,0,1,0,Amber,A
13319,24-Jun-17,17:53:45,0,1,0,Amber,A
13320,24-Jun-17,17:53:45,0,1,0,Amber,A
13321,24-Jun-17,17:53:45,0,1,0,Amber,A
13322,24-Jun-17,17:53:45,0,1,0,Amber,A
13323,24-Jun-17,17:53:45,0,1,0,Amber,A
13324,24-Jun-17,17:53:45,0,1,0,Amber,A
13325,24-Jun-17,17:53:45,0,1,0,Amber,A
13326,24-Jun-17,17:53:45,0,1,0,Amber,A
13612,24-Jun-17,17:53:45,0,1,0,Amber,A
13613,24-Jun-17,17:53:45,0,1,0,Amber,A
13614,24-Jun-17,17:53:45,0,1,0,Amber,A
13615,24-Jun-17,17:53:45,0,1,0,Amber,A
13616,24-Jun-17,17:53:45,0,1,0,Amber,A
13617,24-Jun-17,17:53:45,0,1,0,Amber,A
13618,24-Jun-17,17:53:45,0,1,0,Amber,A
13619,24-Jun-17,17:53:45,0,1,0,Amber,A
13620,24-Jun-17,17:53:45,0,1,0,Amber,A
13621,24-Jun-17,17:53:45,0,1,0,Amber,A
13622,24-Jun-17,17:53:45,0,1,0,Amber,A
13623,24-Jun-17,17:53:45,0,1,0,Amber,A
13624,24-Jun-17,17:53:45,0,1,0,Amber,A
13625,24-Jun-17,17:53:45,0,1,0,Amber,A
13626,24-Jun-17,17:53:45,0,1,0,Amber,A
13912,24-Jun-17,17:53:45,0,1,0,Amber,A
13913,24-Jun-17,17:53:45,0,1,0,Amber,A
13914,24-Jun-17,17:53:45,0,1,0,Amber,A
13915,24-Jun-17,17:53:45,0,1,0,Amber,A
13916,24-Jun-17,17:53:45,0,1,0,Amber,A
13917,24-Jun-17,17:53:45,0,1,0,Amber,A
13918,24-Jun-17,17:53:45,0,1,0,Amber,A
13919,24-Jun-17,17:53:45,0,1,0,Amber,A
13920,24-Jun-17,17:53:45,0,1,0,Amber,A
13921,24-Jun-17,17:53:45,0,1,0,Amber,A
13922,24-Jun-17,17:53:45,0,1,0,Amber,A
13923,24-Jun-17,17:53:45,0,1,0,Amber,A
13924,24-Jun-17,17:53:45,0,1,0,Amber,A
13925,24-Jun-17,17:53:45,0,1,0,Amber,A
13926,24-Jun-17,17:53:45,0,1,0,Amber,A
14212,24-Jun-17,17:53:46,0,1,0,Amber,A
14213,24-Jun-17,17:53:46,0,1,0,Amber,A
14214,24-Jun-17,17:53:46,0,1,0,Amber,A
14215,24-Jun-17,17:53:46,0,1,0,Amber,A
14216,24-Jun-17,17:53:46,0,1,0,Amber,A
14217,24-Jun-17,17:53:46,0,1,0,Amber,A
14218,24-Jun-17,17:53:46,0,1,0,Amber,A
14219,24-Jun-17,17:53:46,0,1,0,Amber,A
14220,24-Jun-17,17:53:46,0,1,0,Amber,A
14221,24-Jun-17,17:53:46,0,1,0,Amber,A
14222,24-Jun-17,17:53:46,0,1,0,Amber,A
14223,24-Jun-17,17:53:46,0,1,0,Amber,A
14224,24-Jun-17,17:53:46,0,1,0,Amber,A
14225,24-Jun-17,17:53:46,0,1,0,Amber,A
14226,24-Jun-17,17:53:46,0,1,0,Amber,A
14512,24-Jun-17,17:53:46,0,1,0,Amber,A
14513,24-Jun-17,17:53:46,0,1,0,Amber,A
14514,24-Jun-17,17:53:46,0,1,0,Amber,A
14515,24-Jun-17,17:53:46,0,1,0,Amber,A
14516,24-Jun-17,17:53:46,0,1,0,Amber,A
14517,24-Jun-17,17:53:46,0,1,0,Amber,A
14518,24-Jun-17,17:53:46,0,1,0,Amber,A
14519,24-Jun-17,17:53:46,0,1,0,Amber,A
14520,24-Jun-17,17:53:46,0,1,0,Amber,A
14521,24-Jun-17,17:53:46,0,1,0,Amber,A
14522,24-Jun-17,17:53:46,0,1,0,Amber,A
14523,24-Jun-17,17:53:46,0,1,0,Amber,A
14524,24-Jun-17,17:53:46,0,1,0,Amber,A
14525,24-Jun-17,17:53:46,0,1,0,Amber,A
14526,24-Jun-17,17:53:46,0,1,0,Amber,A
14812,24-Jun-17,17:53:46,0,1,0,Amber,A
14813,24-Jun-17,17:53:46,0,1,0,Amber,A
14814,24-Jun-17,17:53:46,0,1,0,Amber,A
14815,24-Jun-17,17:53:46,0,1,0,Amber,A
14816,24-Jun-17,17:53:46,0,1,0,Amber,A
14817,24-Jun-17,17:53:46,0,1,0,Amber,A
14818,24-Jun-17,17:53:46,0,1,0,Amber,A
14819,24-Jun-17,17:53:46,0,1,0,Amber,A
14820,24-Jun-17,17:53:46,0,1,0,Amber,A
14821,24-Jun-17,17:53:46,0,1,0,Amber,A
14822,24-Jun-17,17:53:46,0,1,0,Amber,A
14823,24-Jun-17,17:53:46,0,1,0,Amber,A
14824,24-Jun-17,17:53:46,0,1,0,Amber,A
14825,24-Jun-17,17:53:46,0,1,0,Amber,A
14826,24-Jun-17,17:53:46,0,1,0,Amber,A
15112,24-Jun-17,17:53:46,0,1,0,Amber,A
15113,24-Jun-17,17:53:46,0,1,0,Amber,A
15114,24-Jun-17,17:53:46,0,1,0,Amber,A
15115,24-Jun-17,17:53:46,0,1,0,Amber,A
15116,24-Jun-17,17:53:46,0,1,0,Amber,A
15117,24-Jun-17,17:53:46,0,1,0,Amber,A
15118,24-Jun-17,17:53:46,0,1,0,Amber,A
15119,24-Jun-17,17:53:46,0,1,0,Amber,A
15120,24-Jun-17,17:53:46,0,1,0,Amber,A
15121,24-Jun-17,17:53:46,0,1,0,Amber,A
15122,24-Jun-17,17:53:46,0,1,0,Amber,A
15123,24-Jun-17,17:53:46,0,1,0,Amber,A
15124,24-Jun-17,17:53:46,0,1,0,Amber,A
15125,24-Jun-17,17:53:46,0,1,0,Amber,A
15126,24-Jun-17,17:53:46,0,1,0,Amber,A
15412,24-Jun-17,17:53:46,0,1,0,Amber,A
15413,24-Jun-17,17:53:46,0,1,0,Amber,A
15414,24-Jun-17,17:53:46,0,1,0,Amber,A
15415,24-Jun-17,17:53:46,0,1,0,Amber,A
15416,24-Jun-17,17:53:46,0,1,0,Amber,A
15417,24-Jun-17,17:53:46,0,1,0,Amber,A
15418,24-Jun-17,17:53:46,0,1,0,Amber,A
15419,24-Jun-17,17:53:46,0,1,0,Amber,A
15420,24-Jun-17,17:53:46,0,1,0,Amber,A
15421,24-Jun-17,17:53:46,0,1,0,Amber,A
15422,24-Jun-17,17:53:46,0,1,0,Amber,A
15423,24-Jun-17,17:53:46,0,1,0,Amber,A
15424,24-Jun-17,17:53:46,0,1,0,Amber,A
15425,24-Jun-17,17:53:46,0,1,0,Amber,A
15426,24-Jun-17,17:53:46,0,1,0,Amber,A
15712,24-Jun-17,17:53:46,0,1,0,Amber,A
15713,24-Jun-17,17:53:46,0,1,0,Amber,A
15714,24-Jun-17,17:53:46,0,1,0,Amber,A
15715,24-Jun-17,17:53:46,0,1,0,Amber,A
15716,24-Jun-17,17:53:46,0,1,0,Amber,A
15717,24-Jun-17,17:53:46,0,1,0,Amber,A
15718,24-Jun-17,17:53:46,0,1,0,Amber,A
15719,24-Jun-17,17:53:46,0,1,0,Amber,A
15720,24-Jun-17,17:53:46,0,1,0,Amber,A
15721,24-Jun-17,17:53:46,0,1,0,Amber,A
15722,24-Jun-17,17:53:46,0,1,0,Amber,A
15723,24-Jun-17,17:53:46,0,1,0,Amber,A
15724,24-Jun-17,17:53:46,0,1,0,Amber,A
15725,24-Jun-17,17:53:46,0,1,0,Amber,A
15726,24-Jun-17,17:53:46,0,1,0,Amber,A
16012,24-Jun-17,17:53:47,0,1,0,Amber,A
16013,24-Jun-17,17:53:47,0,1,0,Amber,A
16014,24-Jun-17,17:53:47,0,1,0,Amber,A
16015,24-Jun-17,17:53:47,0,1,0,Amber,A
16016,24-Jun-17,17:53:47,0,1,0,Amber,A
16017,24-Jun-17,17:53:47,0,1,0,Amber,A
16018,24-Jun-17,17:53:47,0,1,0,Amber,A
16019,24-Jun-17,17:53:47,0,1,0,Amber,A
16020,24-Jun-17,17:53:47,0,1,0,Amber,A
16021,24-Jun-17,17:53:47,0,1,0,Amber,A
16022,24-Jun-17,17:53:47,0,1,0,Amber,A
16023,24-Jun-17,17:53:47,0,1,0,Amber,A
16024,24-Jun-17,17:53:47,0,1,0,Amber,A
16025,24-Jun-17,17:53:47,0,1,0,Amber,A
16026,24-Jun-17,17:53:47,0,1,0,Amber,A
16312,24-Jun-17,17:53:47,0,1,0,Amber,A
16313,24-Jun-17,17:53:47,0,1,0,Amber,A
16314,24-Jun-17,17:53:47,0,1,0,Amber,A
16315,24-Jun-17,17:53:47,0,1,0,Amber,A
16316,24-Jun-17,17:53:47,0,1,0,Amber,A
16317,24-Jun-17,17:53:47,0,1,0,Amber,A
16318,24-Jun-17,17:53:47,0,1,0,Amber,A
16319,24-Jun-17,17:53:47,0,1,0,Amber,A
16320,24-Jun-17,17:53:47,0,1,0,Amber,A
16321,24-Jun-17,17:53:47,0,1,0,Amber,A
16322,24-Jun-17,17:53:47,0,1,0,Amber,A
16323,24-Jun-17,17:53:47,0,1,0,Amber,A
16324,24-Jun-17,17:53:47,0,1,0,Amber,A
16325,24-Jun-17,17:53:47,0,1,0,Amber,A
16326,24-Jun-17,17:53:47,0,1,0,Amber,A
16612,24-Jun-17,17:53:48,0,1,0,Amber,A
16613,24-Jun-17,17:53:48,0,1,0,Amber,A
16614,24-Jun-17,17:53:48,0,1,0,Amber,A
16615,24-Jun-17,17:53:48,0,1,0,Amber,A
16616,24-Jun-17,17:53:48,0,1,0,Amber,A
16617,24-Jun-17,17:53:48,0,1,0,Amber,A
16618,24-Jun-17,17:53:48,0,1,0,Amber,A
16619,24-Jun-17,17:53:48,0,1,0,Amber,A
16620,24-Jun-17,17:53:48,0,1,0,Amber,A
16621,24-Jun-17,17:53:48,0,1,0,Amber,A
16622,24-Jun-17,17:53:48,0,1,0,Amber,A
16623,24-Jun-17,17:53:48,0,1,0,Amber,A
16624,24-Jun-17,17:53:48,0,1,0,Amber,A
16625,24-Jun-17,17:53:48,0,1,0,Amber,A
16626,24-Jun-17,17:53:48,0,1,0,Amber,A
16912,24-Jun-17,17:53:48,0,1,0,Amber,A
16913,24-Jun-17,17:53:48,0,1,0,Amber,A
16914,24-Jun-17,17:53:48,0,1,0,Amber,A
16915,24-Jun-17,17:53:48,0,1,0,Amber,A
16916,24-Jun-17,17:53:48,0,1,0,Amber,A
16917,24-Jun-17,17:53:48,0,1,0,Amber,A
16918,24-Jun-17,17:53:48,0,1,0,Amber,A
16919,24-Jun-17,17:53:48,0,1,0,Amber,A
16920,24-Jun-17,17:53:48,0,1,0,Amber,A
16921,24-Jun-17,17:53:48,0,1,0,Amber,A
16922,24-Jun-17,17:53:48,0,1,0,Amber,A
16923,24-Jun-17,17:53:48,0,1,0,Amber,A
16924,24-Jun-17,17:53:48,0,1,0,Amber,A
16925,24-Jun-17,17:53:48,0,1,0,Amber,A
16926,24-Jun-17,17:53:48,0,1,0,Amber,A
17212,24-Jun-17,17:53:48,0,1,0,Amber,A
17213,24-Jun-17,17:53:48,0,1,0,Amber,A
17214,24-Jun-17,17:53:48,0,1,0,Amber,A
17215,24-Jun-17,17:53:48,0,1,0,Amber,A
17216,24-Jun-17,17:53:48,0,1,0,Amber,A
17217,24-Jun-17,17:53:48,0,1,0,Amber,A
17218,24-Jun-17,17:53:48,0,1,0,Amber,A
17219,24-Jun-17,17:53:48,0,1,0,Amber,A
17220,24-Jun-17,17:53:48,0,1,0,Amber,A
17221,24-Jun-17,17:53:48,0,1,0,Amber,A
17222,24-Jun-17,17:53:48,0,1,0,Amber,A
17223,24-Jun-17,17:53:48,0,1,0,Amber,A
17224,24-Jun-17,17:53:48,0,1,0,Amber,A
17225,24-Jun-17,17:53:48,0,1,0,Amber,A
17226,24-Jun-17,17:53:48,0,1,0,Amber,A
17512,24-Jun-17,17:53:48,0,1,0,Amber,A
17513,24-Jun-17,17:53:48,0,1,0,Amber,A
17514,24-Jun-17,17:53:48,0,1,0,Amber,A
17515,24-Jun-17,17:53:48,0,1,0,Amber,A
17516,24-Jun-17,17:53:48,0,1,0,Amber,A
17517,24-Jun-17,17:53:48,0,1,0,Amber,A
17518,24-Jun-17,17:53:48,0,1,0,Amber,A
17519,24-Jun-17,17:53:48,0,1,0,Amber,A
17520,24-Jun-17,17:53:48,0,1,0,Amber,A
17521,24-Jun-17,17:53:48,0,1,0,Amber,A
17522,24-Jun-17,17:53:48,0,1,0,Amber,A
17523,24-Jun-17,17:53:48,0,1,0,Amber,A
17524,24-Jun-17,17:53:48,0,1,0,Amber,A
17525,24-Jun-17,17:53:48,0,1,0,Amber,A
17526,24-Jun-17,17:53:48,0,1,0,Amber,A
17812,24-Jun-17,17:53:49,0,1,0,Amber,A
17813,24-Jun-17,17:53:49,0,1,0,Amber,A
17814,24-Jun-17,17:53:49,0,1,0,Amber,A
17815,24-Jun-17,17:53:49,0,1,0,Amber,A
17816,24-Jun-17,17:53:49,0,1,0,Amber,A
17817,24-Jun-17,17:53:49,0,1,0,Amber,A
17818,24-Jun-17,17:53:49,0,1,0,Amber,A
17819,24-Jun-17,17:53:49,0,1,0,Amber,A
17820,24-Jun-17,17:53:49,0,1,0,Amber,A
17821,24-Jun-17,17:53:49,0,1,0,Amber,A
17822,24-Jun-17,17:53:49,0,1,0,Amber,A
17823,24-Jun-17,17:53:49,0,1,0,Amber,A
17824,24-Jun-17,17:53:49,0,1,0,Amber,A
17825,24-Jun-17,17:53:49,0,1,0,Amber,A
17826,24-Jun-17,17:53:49,0,1,0,Amber,A
18112,24-Jun-17,17:53:49,0,1,0,Amber,A
18113,24-Jun-17,17:53:49,0,1,0,Amber,A
18114,24-Jun-17,17:53:49,0,1,0,Amber,A
18115,24-Jun-17,17:53:49,0,1,0,Amber,A
18116,24-Jun-17,17:53:49,0,1,0,Amber,A
18117,24-Jun-17,17:53:49,0,1,0,Amber,A
18118,24-Jun-17,17:53:49,0,1,0,Amber,A
18119,24-Jun-17,17:53:49,0,1,0,Amber,A
18120,24-Jun-17,17:53:49,0,1,0,Amber,A
18121,24-Jun-17,17:53:49,0,1,0,Amber,A
18122,24-Jun-17,17:53:49,0,1,0,Amber,A
18123,24-Jun-17,17:53:49,0,1,0,Amber,A
18124,24-Jun-17,17:53:49,0,1,0,Amber,A
18125,24-Jun-17,17:53:49,0,1,0,Amber,A
18126,24-Jun-17,17:53:49,0,1,0,Amber,A
18412,24-Jun-17,17:53:49,0,1,0,Amber,A
18413,24-Jun-17,17:53:49,0,1,0,Amber,A
18414,24-Jun-17,17:53:49,0,1,0,Amber,A
18415,24-Jun-17,17:53:49,0,1,0,Amber,A
18416,24-Jun-17,17:53:49,0,1,0,Amber,A
18417,24-Jun-17,17:53:49,0,1,0,Amber,A
18418,24-Jun-17,17:53:49,0,1,0,Amber,A
18419,24-Jun-17,17:53:49,0,1,0,Amber,A
18420,24-Jun-17,17:53:49,0,1,0,Amber,A
18421,24-Jun-17,17:53:49,0,1,0,Amber,A
18422,24-Jun-17,17:53:49,0,1,0,Amber,A
18423,24-Jun-17,17:53:49,0,1,0,Amber,A
18424,24-Jun-17,17:53:49,0,1,0,Amber,A
18425,24-Jun-17,17:53:49,0,1,0,Amber,A
18426,24-Jun-17,17:53:49,0,1,0,Amber,A
18712,24-Jun-17,17:53:49,0,1,0,Amber,A
18713,24-Jun-17,17:53:49,0,1,0,Amber,A
18714,24-Jun-17,17:53:49,0,1,0,Amber,A
18715,24-Jun-17,17:53:49,0,1,0,Amber,A
18716,24-Jun-17,17:53:49,0,1,0,Amber,A
18717,24-Jun-17,17:53:49,0,1,0,Amber,A
18718,24-Jun-17,17:53:49,0,1,0,Amber,A
18719,24-Jun-17,17:53:49,0,1,0,Amber,A
18720,24-Jun-17,17:53:49,0,1,0,Amber,A
18721,24-Jun-17,17:53:49,0,1,0,Amber,A
18722,24-Jun-17,17:53:49,0,1,0,Amber,A
18723,24-Jun-17,17:53:49,0,1,0,Amber,A
18724,24-Jun-17,17:53:49,0,1,0,Amber,A
18725,24-Jun-17,17:53:49,0,1,0,Amber,A
18726,24-Jun-17,17:53:49,0,1,0,Amber,A
19012,24-Jun-17,17:53:49,0,1,0,Amber,A
19013,24-Jun-17,17:53:49,0,1,0,Amber,A
19014,24-Jun-17,17:53:49,0,1,0,Amber,A
19015,24-Jun-17,17:53:49,0,1,0,Amber,A
19016,24-Jun-17,17:53:49,0,1,0,Amber,A
19017,24-Jun-17,17:53:49,0,1,0,Amber,A
19018,24-Jun-17,17:53:49,0,1,0,Amber,A
19019,24-Jun-17,17:53:49,0,1,0,Amber,A
19020,24-Jun-17,17:53:49,0,1,0,Amber,A
19021,24-Jun-17,17:53:49,0,1,0,Amber,A
19022,24-Jun-17,17:53:49,0,1,0,Amber,A
19023,24-Jun-17,17:53:49,0,1,0,Amber,A
19024,24-Jun-17,17:53:49,0,1,0,Amber,A
19025,24-Jun-17,17:53:49,0,1,0,Amber,A
19026,24-Jun-17,17:53:49,0,1,0,Amber,A
19312,24-Jun-17,17:53:55,0,1,0,Amber,A
19313,24-Jun-17,17:53:55,0,1,0,Amber,A
19314,24-Jun-17,17:53:56,0,1,0,Amber,A
19315,24-Jun-17,17:53:56,0,1,0,Amber,A
19316,24-Jun-17,17:53:57,0,1,0,Amber,A
19317,24-Jun-17,17:53:57,0,1,0,Amber,A
19318,24-Jun-17,17:53:57,0,1,0,Amber,A
