,Date,Time,Aspect 0 of Phase B  State,Aspect 1 of Phase B  State,Aspect 2 of Phase B  State,Result,Phase
307,03-Jun-17,10:09:29,1,0,0,Red,B
308,03-Jun-17,10:09:30,1,0,0,Red,B
309,03-Jun-17,10:09:30,1,0,0,Red,B
310,03-Jun-17,10:09:30,1,0,0,Red,B
311,03-Jun-17,10:09:30,1,0,0,Red,B
312,03-Jun-17,10:09:30,1,0,0,Red,B
313,03-Jun-17,10:09:31,1,0,0,Red,B
314,03-Jun-17,10:09:31,1,0,0,Red,B
315,03-Jun-17,10:09:31,1,0,0,Red,B
316,03-Jun-17,10:09:31,1,0,0,Red,B
317,03-Jun-17,10:09:31,1,0,0,Red,B
318,03-Jun-17,10:09:31,1,0,0,Red,B
319,03-Jun-17,10:09:32,1,0,0,Red,B
320,03-Jun-17,10:09:32,1,0,0,Red,B
321,03-Jun-17,10:09:32,1,0,0,Red,B
322,03-Jun-17,10:09:32,1,0,0,Red,B
323,03-Jun-17,10:09:32,1,0,0,Red,B
324,03-Jun-17,10:09:33,1,0,0,Red,B
325,03-Jun-17,10:09:33,1,0,0,Red,B
326,03-Jun-17,10:09:33,1,0,0,Red,B
327,03-Jun-17,10:09:33,1,0,0,Red,B
328,03-Jun-17,10:09:34,1,0,0,Red,B
329,03-Jun-17,10:09:34,1,0,0,Red,B
330,03-Jun-17,10:09:34,1,0,0,Red,B
331,03-Jun-17,10:09:34,1,0,0,Red,B
332,03-Jun-17,10:09:34,1,0,0,Red,B
333,03-Jun-17,10:09:34,1,0,0,Red,B
334,03-Jun-17,10:09:35,1,0,0,Red,B
335,03-Jun-17,10:09:35,1,0,0,Red,B
336,03-Jun-17,10:09:35,1,0,0,Red,B
337,03-Jun-17,10:09:35,1,0,0,Red,B
338,03-Jun-17,10:09:36,1,0,0,Red,B
339,03-Jun-17,10:09:36,1,0,0,Red,B
340,03-Jun-17,10:09:36,1,0,0,Red,B
341,03-Jun-17,10:09:36,1,0,0,Red,B
342,03-Jun-17,10:09:36,1,0,0,Red,B
343,03-Jun-17,10:09:37,1,0,0,Red,B
344,03-Jun-17,10:09:37,1,0,0,Red,B
345,03-Jun-17,10:09:37,1,0,0,Red,B
346,03-Jun-17,10:09:37,1,0,0,Red,B
347,03-Jun-17,10:09:37,1,0,0,Red,B
348,03-Jun-17,10:09:37,1,0,0,Red,B
349,03-Jun-17,10:09:38,1,0,0,Red,B
350,03-Jun-17,10:09:38,1,0,0,Red,B
351,03-Jun-17,10:09:38,1,0,0,Red,B
352,03-Jun-17,10:09:38,1,0,0,Red,B
353,03-Jun-17,10:09:39,1,0,0,Red,B
354,03-Jun-17,10:09:39,1,0,0,Red,B
355,03-Jun-17,10:09:39,1,0,0,Red,B
356,03-Jun-17,10:09:39,1,0,0,Red,B
357,03-Jun-17,10:09:39,1,0,0,Red,B
358,03-Jun-17,10:09:40,1,0,0,Red,B
359,03-Jun-17,10:09:40,1,0,0,Red,B
360,03-Jun-17,10:09:40,1,0,0,Red,B
361,03-Jun-17,10:09:40,1,0,0,Red,B
362,03-Jun-17,10:09:40,1,0,0,Red,B
363,03-Jun-17,10:09:40,1,0,0,Red,B
364,03-Jun-17,10:09:41,1,0,0,Red,B
365,03-Jun-17,10:09:41,1,0,0,Red,B
366,03-Jun-17,10:09:41,1,0,0,Red,B
367,03-Jun-17,10:09:41,1,0,0,Red,B
368,03-Jun-17,10:09:42,1,0,0,Red,B
369,03-Jun-17,10:09:42,1,0,0,Red,B
370,03-Jun-17,10:09:42,1,0,0,Red,B
371,03-Jun-17,10:09:42,1,0,0,Red,B
372,03-Jun-17,10:09:43,1,0,0,Red,B
373,03-Jun-17,10:09:43,1,0,0,Red,B
374,03-Jun-17,10:09:43,1,0,0,Red,B
375,03-Jun-17,10:09:43,1,0,0,Red,B
376,03-Jun-17,10:09:43,1,0,0,Red,B
377,03-Jun-17,10:09:43,1,0,0,Red,B
378,03-Jun-17,10:09:43,1,0,0,Red,B
379,03-Jun-17,10:09:44,1,0,0,Red,B
380,03-Jun-17,10:09:44,1,0,0,Red,B
381,03-Jun-17,10:09:44,1,0,0,Red,B
382,03-Jun-17,10:09:44,1,0,0,Red,B
383,03-Jun-17,10:09:45,1,0,0,Red,B
384,03-Jun-17,10:09:45,1,0,0,Red,B
385,03-Jun-17,10:09:45,1,0,0,Red,B
386,03-Jun-17,10:09:45,1,0,0,Red,B
387,03-Jun-17,10:09:45,1,0,0,Red,B
388,03-Jun-17,10:09:46,1,0,0,Red,B
389,03-Jun-17,10:09:46,1,0,0,Red,B
390,03-Jun-17,10:09:46,1,0,0,Red,B
391,03-Jun-17,10:09:46,1,0,0,Red,B
392,03-Jun-17,10:09:46,1,0,0,Red,B
393,03-Jun-17,10:09:47,1,0,0,Red,B
394,03-Jun-17,10:09:47,1,0,0,Red,B
395,03-Jun-17,10:09:47,1,0,0,Red,B
396,03-Jun-17,10:09:47,1,0,0,Red,B
397,03-Jun-17,10:09:48,1,0,0,Red,B
398,03-Jun-17,10:09:48,1,0,0,Red,B
399,03-Jun-17,10:09:48,1,0,0,Red,B
400,03-Jun-17,10:09:48,1,0,0,Red,B
401,03-Jun-17,10:09:48,1,0,0,Red,B
402,03-Jun-17,10:09:48,1,0,0,Red,B
403,03-Jun-17,10:09:48,1,0,0,Red,B
404,03-Jun-17,10:09:49,1,0,0,Red,B
405,03-Jun-17,10:09:49,1,0,0,Red,B
406,03-Jun-17,10:09:49,1,0,0,Red,B
407,03-Jun-17,10:09:49,1,0,0,Red,B
408,03-Jun-17,10:09:50,1,0,0,Red,B
409,03-Jun-17,10:09:50,1,0,0,Red,B
410,03-Jun-17,10:09:50,1,0,0,Red,B
411,03-Jun-17,10:09:50,1,0,0,Red,B
412,03-Jun-17,10:09:50,1,0,0,Red,B
413,03-Jun-17,10:09:50,1,0,0,Red,B
414,03-Jun-17,10:09:51,1,0,0,Red,B
415,03-Jun-17,10:09:51,1,0,0,Red,B
416,03-Jun-17,10:09:51,1,0,0,Red,B
417,03-Jun-17,10:09:51,1,0,0,Red,B
418,03-Jun-17,10:09:52,1,0,0,Red,B
419,03-Jun-17,10:09:52,1,0,0,Red,B
420,03-Jun-17,10:09:52,1,0,0,Red,B
421,03-Jun-17,10:09:52,1,0,0,Red,B
422,03-Jun-17,10:09:53,1,0,0,Red,B
423,03-Jun-17,10:09:53,1,0,0,Red,B
424,03-Jun-17,10:09:53,1,0,0,Red,B
425,03-Jun-17,10:09:53,1,0,0,Red,B
426,03-Jun-17,10:09:53,1,0,0,Red,B
427,03-Jun-17,10:09:53,1,0,0,Red,B
428,03-Jun-17,10:09:53,1,0,0,Red,B
429,03-Jun-17,10:09:54,1,0,0,Red,B
430,03-Jun-17,10:09:54,1,0,0,Red,B
431,03-Jun-17,10:09:54,1,0,0,Red,B
432,03-Jun-17,10:09:54,1,0,0,Red,B
433,03-Jun-17,10:09:54,1,0,0,Red,B
434,03-Jun-17,10:09:55,1,0,0,Red,B
435,03-Jun-17,10:09:55,1,0,0,Red,B
436,03-Jun-17,10:09:55,1,0,0,Red,B
437,03-Jun-17,10:09:55,1,0,0,Red,B
438,03-Jun-17,10:09:56,1,0,0,Red,B
439,03-Jun-17,10:09:56,1,0,0,Red,B
440,03-Jun-17,10:09:56,1,0,0,Red,B
441,03-Jun-17,10:09:56,1,0,0,Red,B
442,03-Jun-17,10:09:56,1,0,0,Red,B
443,03-Jun-17,10:09:57,1,0,0,Red,B
444,03-Jun-17,10:09:57,1,0,0,Red,B
445,03-Jun-17,10:09:57,1,0,0,Red,B
446,03-Jun-17,10:09:57,1,0,0,Red,B
447,03-Jun-17,10:09:58,1,0,0,Red,B
448,03-Jun-17,10:09:58,1,0,0,Red,B
449,03-Jun-17,10:09:58,1,0,0,Red,B
450,03-Jun-17,10:09:58,1,0,0,Red,B
451,03-Jun-17,10:09:58,1,0,0,Red,B
452,03-Jun-17,10:09:58,1,0,0,Red,B
453,03-Jun-17,10:09:58,1,0,0,Red,B
454,03-Jun-17,10:09:59,1,0,0,Red,B
455,03-Jun-17,10:09:59,1,0,0,Red,B
456,03-Jun-17,10:09:59,1,0,0,Red,B
457,03-Jun-17,10:09:59,1,0,0,Red,B
458,03-Jun-17,10:10:00,1,0,0,Red,B
459,03-Jun-17,10:10:00,1,0,0,Red,B
460,03-Jun-17,10:10:00,1,0,0,Red,B
461,03-Jun-17,10:10:00,1,0,0,Red,B
462,03-Jun-17,10:10:00,1,0,0,Red,B
463,03-Jun-17,10:10:01,1,0,0,Red,B
464,03-Jun-17,10:10:01,1,0,0,Red,B
465,03-Jun-17,10:10:01,1,0,0,Red,B
466,03-Jun-17,10:10:01,1,0,0,Red,B
467,03-Jun-17,10:10:01,1,0,0,Red,B
468,03-Jun-17,10:10:01,1,0,0,Red,B
469,03-Jun-17,10:10:02,1,0,0,Red,B
470,03-Jun-17,10:10:02,1,0,0,Red,B
471,03-Jun-17,10:10:02,1,0,0,Red,B
472,03-Jun-17,10:10:02,1,0,0,Red,B
473,03-Jun-17,10:10:03,1,0,0,Red,B
474,03-Jun-17,10:10:03,1,0,0,Red,B
475,03-Jun-17,10:10:03,1,0,0,Red,B
476,03-Jun-17,10:10:03,1,0,0,Red,B
477,03-Jun-17,10:10:03,1,0,0,Red,B
478,03-Jun-17,10:10:03,1,0,0,Red,B
479,03-Jun-17,10:10:04,1,0,0,Red,B
480,03-Jun-17,10:10:04,1,0,0,Red,B
481,03-Jun-17,10:10:04,1,0,0,Red,B
482,03-Jun-17,10:10:04,1,0,0,Red,B
483,03-Jun-17,10:10:04,1,0,0,Red,B
484,03-Jun-17,10:10:05,1,0,0,Red,B
485,03-Jun-17,10:10:05,1,0,0,Red,B
486,03-Jun-17,10:10:05,1,0,0,Red,B
487,03-Jun-17,10:10:05,1,0,0,Red,B
488,03-Jun-17,10:10:06,1,0,0,Red,B
489,03-Jun-17,10:10:06,1,0,0,Red,B
490,03-Jun-17,10:10:06,1,0,0,Red,B
491,03-Jun-17,10:10:06,1,0,0,Red,B
492,03-Jun-17,10:10:06,1,0,0,Red,B
493,03-Jun-17,10:10:06,1,0,0,Red,B
494,03-Jun-17,10:10:07,1,0,0,Red,B
495,03-Jun-17,10:10:07,1,0,0,Red,B
496,03-Jun-17,10:10:07,1,0,0,Red,B
497,03-Jun-17,10:10:07,1,0,0,Red,B
498,03-Jun-17,10:10:07,1,0,0,Red,B
499,03-Jun-17,10:10:08,1,0,0,Red,B
500,03-Jun-17,10:10:08,1,0,0,Red,B
501,03-Jun-17,10:10:08,1,0,0,Red,B
727,03-Jun-17,10:10:53,1,0,0,Red,B
728,03-Jun-17,10:10:54,1,0,0,Red,B
729,03-Jun-17,10:10:54,1,0,0,Red,B
730,03-Jun-17,10:10:54,1,0,0,Red,B
731,03-Jun-17,10:10:54,1,0,0,Red,B
732,03-Jun-17,10:10:54,1,0,0,Red,B
733,03-Jun-17,10:10:55,1,0,0,Red,B
734,03-Jun-17,10:10:55,1,0,0,Red,B
735,03-Jun-17,10:10:55,1,0,0,Red,B
736,03-Jun-17,10:10:55,1,0,0,Red,B
737,03-Jun-17,10:10:56,1,0,0,Red,B
738,03-Jun-17,10:10:56,1,0,0,Red,B
739,03-Jun-17,10:10:56,1,0,0,Red,B
740,03-Jun-17,10:10:56,1,0,0,Red,B
741,03-Jun-17,10:10:56,1,0,0,Red,B
742,03-Jun-17,10:10:57,1,0,0,Red,B
743,03-Jun-17,10:10:57,1,0,0,Red,B
744,03-Jun-17,10:10:57,1,0,0,Red,B
745,03-Jun-17,10:10:57,1,0,0,Red,B
746,03-Jun-17,10:10:57,1,0,0,Red,B
747,03-Jun-17,10:10:57,1,0,0,Red,B
748,03-Jun-17,10:10:57,1,0,0,Red,B
749,03-Jun-17,10:10:58,1,0,0,Red,B
750,03-Jun-17,10:10:58,1,0,0,Red,B
751,03-Jun-17,10:10:58,1,0,0,Red,B
752,03-Jun-17,10:10:58,1,0,0,Red,B
753,03-Jun-17,10:10:59,1,0,0,Red,B
754,03-Jun-17,10:10:59,1,0,0,Red,B
755,03-Jun-17,10:10:59,1,0,0,Red,B
756,03-Jun-17,10:10:59,1,0,0,Red,B
757,03-Jun-17,10:11:00,1,0,0,Red,B
758,03-Jun-17,10:11:00,1,0,0,Red,B
759,03-Jun-17,10:11:00,1,0,0,Red,B
760,03-Jun-17,10:11:00,1,0,0,Red,B
761,03-Jun-17,10:11:00,1,0,0,Red,B
762,03-Jun-17,10:11:00,1,0,0,Red,B
763,03-Jun-17,10:11:00,1,0,0,Red,B
764,03-Jun-17,10:11:01,1,0,0,Red,B
765,03-Jun-17,10:11:01,1,0,0,Red,B
766,03-Jun-17,10:11:01,1,0,0,Red,B
767,03-Jun-17,10:11:01,1,0,0,Red,B
768,03-Jun-17,10:11:02,1,0,0,Red,B
769,03-Jun-17,10:11:02,1,0,0,Red,B
770,03-Jun-17,10:11:02,1,0,0,Red,B
771,03-Jun-17,10:11:02,1,0,0,Red,B
772,03-Jun-17,10:11:03,1,0,0,Red,B
773,03-Jun-17,10:11:03,1,0,0,Red,B
774,03-Jun-17,10:11:03,1,0,0,Red,B
775,03-Jun-17,10:11:03,1,0,0,Red,B
776,03-Jun-17,10:11:03,1,0,0,Red,B
777,03-Jun-17,10:11:03,1,0,0,Red,B
778,03-Jun-17,10:11:03,1,0,0,Red,B
779,03-Jun-17,10:11:04,1,0,0,Red,B
780,03-Jun-17,10:11:04,1,0,0,Red,B
781,03-Jun-17,10:11:04,1,0,0,Red,B
782,03-Jun-17,10:11:04,1,0,0,Red,B
783,03-Jun-17,10:11:05,1,0,0,Red,B
784,03-Jun-17,10:11:05,1,0,0,Red,B
785,03-Jun-17,10:11:05,1,0,0,Red,B
786,03-Jun-17,10:11:05,1,0,0,Red,B
787,03-Jun-17,10:11:05,1,0,0,Red,B
788,03-Jun-17,10:11:06,1,0,0,Red,B
789,03-Jun-17,10:11:06,1,0,0,Red,B
790,03-Jun-17,10:11:06,1,0,0,Red,B
791,03-Jun-17,10:11:06,1,0,0,Red,B
792,03-Jun-17,10:11:06,1,0,0,Red,B
793,03-Jun-17,10:11:06,1,0,0,Red,B
794,03-Jun-17,10:11:07,1,0,0,Red,B
795,03-Jun-17,10:11:07,1,0,0,Red,B
796,03-Jun-17,10:11:07,1,0,0,Red,B
797,03-Jun-17,10:11:07,1,0,0,Red,B
798,03-Jun-17,10:11:07,1,0,0,Red,B
799,03-Jun-17,10:11:08,1,0,0,Red,B
800,03-Jun-17,10:11:08,1,0,0,Red,B
801,03-Jun-17,10:11:08,1,0,0,Red,B
1027,03-Jun-17,10:11:54,1,0,0,Red,B
1028,03-Jun-17,10:11:54,1,0,0,Red,B
1029,03-Jun-17,10:11:54,1,0,0,Red,B
1030,03-Jun-17,10:11:54,1,0,0,Red,B
1031,03-Jun-17,10:11:54,1,0,0,Red,B
1032,03-Jun-17,10:11:54,1,0,0,Red,B
1033,03-Jun-17,10:11:55,1,0,0,Red,B
1034,03-Jun-17,10:11:55,1,0,0,Red,B
1035,03-Jun-17,10:11:55,1,0,0,Red,B
1036,03-Jun-17,10:11:55,1,0,0,Red,B
1037,03-Jun-17,10:11:56,1,0,0,Red,B
1038,03-Jun-17,10:11:56,1,0,0,Red,B
1039,03-Jun-17,10:11:56,1,0,0,Red,B
1040,03-Jun-17,10:11:56,1,0,0,Red,B
1041,03-Jun-17,10:11:56,1,0,0,Red,B
1042,03-Jun-17,10:11:56,1,0,0,Red,B
1043,03-Jun-17,10:11:57,1,0,0,Red,B
1044,03-Jun-17,10:11:57,1,0,0,Red,B
1045,03-Jun-17,10:11:57,1,0,0,Red,B
1046,03-Jun-17,10:11:57,1,0,0,Red,B
1047,03-Jun-17,10:11:58,1,0,0,Red,B
1048,03-Jun-17,10:11:58,1,0,0,Red,B
1049,03-Jun-17,10:11:58,1,0,0,Red,B
1050,03-Jun-17,10:11:58,1,0,0,Red,B
1051,03-Jun-17,10:11:58,1,0,0,Red,B
1052,03-Jun-17,10:11:58,1,0,0,Red,B
1053,03-Jun-17,10:11:59,1,0,0,Red,B
1054,03-Jun-17,10:11:59,1,0,0,Red,B
1055,03-Jun-17,10:11:59,1,0,0,Red,B
1056,03-Jun-17,10:11:59,1,0,0,Red,B
1057,03-Jun-17,10:11:59,1,0,0,Red,B
1058,03-Jun-17,10:12:00,1,0,0,Red,B
1059,03-Jun-17,10:12:00,1,0,0,Red,B
1060,03-Jun-17,10:12:00,1,0,0,Red,B
1061,03-Jun-17,10:12:00,1,0,0,Red,B
1062,03-Jun-17,10:12:00,1,0,0,Red,B
1063,03-Jun-17,10:12:01,1,0,0,Red,B
1064,03-Jun-17,10:12:01,1,0,0,Red,B
1065,03-Jun-17,10:12:01,1,0,0,Red,B
1066,03-Jun-17,10:12:01,1,0,0,Red,B
1067,03-Jun-17,10:12:01,1,0,0,Red,B
1068,03-Jun-17,10:12:01,1,0,0,Red,B
1069,03-Jun-17,10:12:02,1,0,0,Red,B
1070,03-Jun-17,10:12:02,1,0,0,Red,B
1071,03-Jun-17,10:12:02,1,0,0,Red,B
1072,03-Jun-17,10:12:02,1,0,0,Red,B
1073,03-Jun-17,10:12:03,1,0,0,Red,B
1074,03-Jun-17,10:12:03,1,0,0,Red,B
1075,03-Jun-17,10:12:03,1,0,0,Red,B
1076,03-Jun-17,10:12:03,1,0,0,Red,B
1077,03-Jun-17,10:12:03,1,0,0,Red,B
1078,03-Jun-17,10:12:03,1,0,0,Red,B
1079,03-Jun-17,10:12:04,1,0,0,Red,B
1080,03-Jun-17,10:12:04,1,0,0,Red,B
1081,03-Jun-17,10:12:04,1,0,0,Red,B
1082,03-Jun-17,10:12:04,1,0,0,Red,B
1083,03-Jun-17,10:12:05,1,0,0,Red,B
1084,03-Jun-17,10:12:05,1,0,0,Red,B
1085,03-Jun-17,10:12:05,1,0,0,Red,B
1086,03-Jun-17,10:12:05,1,0,0,Red,B
1087,03-Jun-17,10:12:05,1,0,0,Red,B
1088,03-Jun-17,10:12:06,1,0,0,Red,B
1089,03-Jun-17,10:12:06,1,0,0,Red,B
1090,03-Jun-17,10:12:06,1,0,0,Red,B
1091,03-Jun-17,10:12:06,1,0,0,Red,B
1092,03-Jun-17,10:12:06,1,0,0,Red,B
1093,03-Jun-17,10:12:06,1,0,0,Red,B
1094,03-Jun-17,10:12:07,1,0,0,Red,B
1095,03-Jun-17,10:12:07,1,0,0,Red,B
1096,03-Jun-17,10:12:07,1,0,0,Red,B
1097,03-Jun-17,10:12:07,1,0,0,Red,B
1098,03-Jun-17,10:12:08,1,0,0,Red,B
1099,03-Jun-17,10:12:08,1,0,0,Red,B
1100,03-Jun-17,10:12:08,1,0,0,Red,B
1101,03-Jun-17,10:12:08,1,0,0,Red,B
1327,03-Jun-17,10:12:54,1,0,0,Red,B
1328,03-Jun-17,10:12:54,1,0,0,Red,B
1329,03-Jun-17,10:12:54,1,0,0,Red,B
1330,03-Jun-17,10:12:54,1,0,0,Red,B
1331,03-Jun-17,10:12:54,1,0,0,Red,B
1332,03-Jun-17,10:12:55,1,0,0,Red,B
1333,03-Jun-17,10:12:55,1,0,0,Red,B
1334,03-Jun-17,10:12:55,1,0,0,Red,B
1335,03-Jun-17,10:12:55,1,0,0,Red,B
1336,03-Jun-17,10:12:55,1,0,0,Red,B
1337,03-Jun-17,10:12:55,1,0,0,Red,B
1338,03-Jun-17,10:12:56,1,0,0,Red,B
1339,03-Jun-17,10:12:56,1,0,0,Red,B
1340,03-Jun-17,10:12:56,1,0,0,Red,B
1341,03-Jun-17,10:12:56,1,0,0,Red,B
1342,03-Jun-17,10:12:56,1,0,0,Red,B
1343,03-Jun-17,10:12:57,1,0,0,Red,B
1344,03-Jun-17,10:12:57,1,0,0,Red,B
1345,03-Jun-17,10:12:57,1,0,0,Red,B
1346,03-Jun-17,10:12:57,1,0,0,Red,B
1347,03-Jun-17,10:12:58,1,0,0,Red,B
1348,03-Jun-17,10:12:58,1,0,0,Red,B
1349,03-Jun-17,10:12:58,1,0,0,Red,B
1350,03-Jun-17,10:12:58,1,0,0,Red,B
1351,03-Jun-17,10:12:58,1,0,0,Red,B
1352,03-Jun-17,10:12:58,1,0,0,Red,B
1353,03-Jun-17,10:12:59,1,0,0,Red,B
1354,03-Jun-17,10:12:59,1,0,0,Red,B
1355,03-Jun-17,10:12:59,1,0,0,Red,B
1356,03-Jun-17,10:12:59,1,0,0,Red,B
1357,03-Jun-17,10:13:00,1,0,0,Red,B
1358,03-Jun-17,10:13:00,1,0,0,Red,B
1359,03-Jun-17,10:13:00,1,0,0,Red,B
1360,03-Jun-17,10:13:00,1,0,0,Red,B
1361,03-Jun-17,10:13:00,1,0,0,Red,B
1362,03-Jun-17,10:13:01,1,0,0,Red,B
1363,03-Jun-17,10:13:01,1,0,0,Red,B
1364,03-Jun-17,10:13:01,1,0,0,Red,B
1365,03-Jun-17,10:13:01,1,0,0,Red,B
1366,03-Jun-17,10:13:01,1,0,0,Red,B
1367,03-Jun-17,10:13:01,1,0,0,Red,B
1368,03-Jun-17,10:13:02,1,0,0,Red,B
1369,03-Jun-17,10:13:02,1,0,0,Red,B
1370,03-Jun-17,10:13:02,1,0,0,Red,B
1371,03-Jun-17,10:13:02,1,0,0,Red,B
1372,03-Jun-17,10:13:02,1,0,0,Red,B
1373,03-Jun-17,10:13:03,1,0,0,Red,B
1374,03-Jun-17,10:13:03,1,0,0,Red,B
1375,03-Jun-17,10:13:03,1,0,0,Red,B
1376,03-Jun-17,10:13:03,1,0,0,Red,B
1377,03-Jun-17,10:13:04,1,0,0,Red,B
1378,03-Jun-17,10:13:04,1,0,0,Red,B
1379,03-Jun-17,10:13:04,1,0,0,Red,B
1380,03-Jun-17,10:13:04,1,0,0,Red,B
1381,03-Jun-17,10:13:04,1,0,0,Red,B
1382,03-Jun-17,10:13:05,1,0,0,Red,B
1383,03-Jun-17,10:13:05,1,0,0,Red,B
1384,03-Jun-17,10:13:05,1,0,0,Red,B
1385,03-Jun-17,10:13:05,1,0,0,Red,B
1386,03-Jun-17,10:13:05,1,0,0,Red,B
1387,03-Jun-17,10:13:05,1,0,0,Red,B
1388,03-Jun-17,10:13:06,1,0,0,Red,B
1389,03-Jun-17,10:13:06,1,0,0,Red,B
1390,03-Jun-17,10:13:06,1,0,0,Red,B
1391,03-Jun-17,10:13:06,1,0,0,Red,B
1392,03-Jun-17,10:13:06,1,0,0,Red,B
1393,03-Jun-17,10:13:07,1,0,0,Red,B
1394,03-Jun-17,10:13:07,1,0,0,Red,B
1395,03-Jun-17,10:13:07,1,0,0,Red,B
1396,03-Jun-17,10:13:07,1,0,0,Red,B
1397,03-Jun-17,10:13:08,1,0,0,Red,B
1398,03-Jun-17,10:13:08,1,0,0,Red,B
1399,03-Jun-17,10:13:08,1,0,0,Red,B
1400,03-Jun-17,10:13:08,1,0,0,Red,B
1401,03-Jun-17,10:13:08,1,0,0,Red,B
1627,03-Jun-17,10:13:54,1,0,0,Red,B
1628,03-Jun-17,10:13:54,1,0,0,Red,B
1629,03-Jun-17,10:13:54,1,0,0,Red,B
1630,03-Jun-17,10:13:54,1,0,0,Red,B
1631,03-Jun-17,10:13:54,1,0,0,Red,B
1632,03-Jun-17,10:13:55,1,0,0,Red,B
1633,03-Jun-17,10:13:55,1,0,0,Red,B
1634,03-Jun-17,10:13:55,1,0,0,Red,B
1635,03-Jun-17,10:13:55,1,0,0,Red,B
1636,03-Jun-17,10:13:55,1,0,0,Red,B
1637,03-Jun-17,10:13:55,1,0,0,Red,B
1638,03-Jun-17,10:13:56,1,0,0,Red,B
1639,03-Jun-17,10:13:56,1,0,0,Red,B
1640,03-Jun-17,10:13:56,1,0,0,Red,B
1641,03-Jun-17,10:13:56,1,0,0,Red,B
1642,03-Jun-17,10:13:57,1,0,0,Red,B
1643,03-Jun-17,10:13:57,1,0,0,Red,B
1644,03-Jun-17,10:13:57,1,0,0,Red,B
1645,03-Jun-17,10:13:57,1,0,0,Red,B
1646,03-Jun-17,10:13:58,1,0,0,Red,B
1647,03-Jun-17,10:13:58,1,0,0,Red,B
1648,03-Jun-17,10:13:58,1,0,0,Red,B
1649,03-Jun-17,10:13:58,1,0,0,Red,B
1650,03-Jun-17,10:13:58,1,0,0,Red,B
1651,03-Jun-17,10:13:58,1,0,0,Red,B
1652,03-Jun-17,10:13:59,1,0,0,Red,B
1653,03-Jun-17,10:13:59,1,0,0,Red,B
1654,03-Jun-17,10:13:59,1,0,0,Red,B
1655,03-Jun-17,10:13:59,1,0,0,Red,B
1656,03-Jun-17,10:14:00,1,0,0,Red,B
1657,03-Jun-17,10:14:00,1,0,0,Red,B
1658,03-Jun-17,10:14:00,1,0,0,Red,B
1659,03-Jun-17,10:14:00,1,0,0,Red,B
1660,03-Jun-17,10:14:00,1,0,0,Red,B
1661,03-Jun-17,10:14:00,1,0,0,Red,B
1662,03-Jun-17,10:14:00,1,0,0,Red,B
1663,03-Jun-17,10:14:00,1,0,0,Red,B
1664,03-Jun-17,10:14:01,1,0,0,Red,B
1665,03-Jun-17,10:14:01,1,0,0,Red,B
1666,03-Jun-17,10:14:01,1,0,0,Red,B
1667,03-Jun-17,10:14:01,1,0,0,Red,B
1668,03-Jun-17,10:14:02,1,0,0,Red,B
1669,03-Jun-17,10:14:02,1,0,0,Red,B
1670,03-Jun-17,10:14:02,1,0,0,Red,B
1671,03-Jun-17,10:14:02,1,0,0,Red,B
1672,03-Jun-17,10:14:02,1,0,0,Red,B
1673,03-Jun-17,10:14:03,1,0,0,Red,B
1674,03-Jun-17,10:14:03,1,0,0,Red,B
1675,03-Jun-17,10:14:03,1,0,0,Red,B
1676,03-Jun-17,10:14:03,1,0,0,Red,B
1677,03-Jun-17,10:14:04,1,0,0,Red,B
1678,03-Jun-17,10:14:04,1,0,0,Red,B
1679,03-Jun-17,10:14:04,1,0,0,Red,B
1680,03-Jun-17,10:14:04,1,0,0,Red,B
1681,03-Jun-17,10:14:04,1,0,0,Red,B
1682,03-Jun-17,10:14:04,1,0,0,Red,B
1683,03-Jun-17,10:14:05,1,0,0,Red,B
1684,03-Jun-17,10:14:05,1,0,0,Red,B
1685,03-Jun-17,10:14:05,1,0,0,Red,B
1686,03-Jun-17,10:14:05,1,0,0,Red,B
1687,03-Jun-17,10:14:06,1,0,0,Red,B
1688,03-Jun-17,10:14:06,1,0,0,Red,B
1689,03-Jun-17,10:14:06,1,0,0,Red,B
1690,03-Jun-17,10:14:06,1,0,0,Red,B
1691,03-Jun-17,10:14:06,1,0,0,Red,B
1692,03-Jun-17,10:14:07,1,0,0,Red,B
1693,03-Jun-17,10:14:07,1,0,0,Red,B
1694,03-Jun-17,10:14:07,1,0,0,Red,B
1695,03-Jun-17,10:14:07,1,0,0,Red,B
1696,03-Jun-17,10:14:07,1,0,0,Red,B
1697,03-Jun-17,10:14:07,1,0,0,Red,B
1698,03-Jun-17,10:14:08,1,0,0,Red,B
1699,03-Jun-17,10:14:08,1,0,0,Red,B
1700,03-Jun-17,10:14:08,1,0,0,Red,B
1701,03-Jun-17,10:14:08,1,0,0,Red,B
1927,03-Jun-17,10:14:53,1,0,0,Red,B
1928,03-Jun-17,10:14:54,1,0,0,Red,B
1929,03-Jun-17,10:14:54,1,0,0,Red,B
1930,03-Jun-17,10:14:54,1,0,0,Red,B
1931,03-Jun-17,10:14:54,1,0,0,Red,B
1932,03-Jun-17,10:14:55,1,0,0,Red,B
1933,03-Jun-17,10:14:55,1,0,0,Red,B
1934,03-Jun-17,10:14:55,1,0,0,Red,B
1935,03-Jun-17,10:14:55,1,0,0,Red,B
1936,03-Jun-17,10:14:56,1,0,0,Red,B
1937,03-Jun-17,10:14:56,1,0,0,Red,B
1938,03-Jun-17,10:14:56,1,0,0,Red,B
1939,03-Jun-17,10:14:56,1,0,0,Red,B
1940,03-Jun-17,10:14:56,1,0,0,Red,B
1941,03-Jun-17,10:14:57,1,0,0,Red,B
1942,03-Jun-17,10:14:57,1,0,0,Red,B
1943,03-Jun-17,10:14:57,1,0,0,Red,B
1944,03-Jun-17,10:14:57,1,0,0,Red,B
1945,03-Jun-17,10:14:57,1,0,0,Red,B
1946,03-Jun-17,10:14:57,1,0,0,Red,B
1947,03-Jun-17,10:14:58,1,0,0,Red,B
1948,03-Jun-17,10:14:58,1,0,0,Red,B
1949,03-Jun-17,10:14:58,1,0,0,Red,B
1950,03-Jun-17,10:14:58,1,0,0,Red,B
1951,03-Jun-17,10:14:58,1,0,0,Red,B
1952,03-Jun-17,10:14:59,1,0,0,Red,B
1953,03-Jun-17,10:14:59,1,0,0,Red,B
1954,03-Jun-17,10:14:59,1,0,0,Red,B
1955,03-Jun-17,10:14:59,1,0,0,Red,B
1956,03-Jun-17,10:15:00,1,0,0,Red,B
1957,03-Jun-17,10:15:00,1,0,0,Red,B
1958,03-Jun-17,10:15:00,1,0,0,Red,B
1959,03-Jun-17,10:15:00,1,0,0,Red,B
1960,03-Jun-17,10:15:00,1,0,0,Red,B
1961,03-Jun-17,10:15:00,1,0,0,Red,B
1962,03-Jun-17,10:15:01,1,0,0,Red,B
1963,03-Jun-17,10:15:01,1,0,0,Red,B
1964,03-Jun-17,10:15:01,1,0,0,Red,B
1965,03-Jun-17,10:15:01,1,0,0,Red,B
1966,03-Jun-17,10:15:01,1,0,0,Red,B
1967,03-Jun-17,10:15:01,1,0,0,Red,B
1968,03-Jun-17,10:15:02,1,0,0,Red,B
1969,03-Jun-17,10:15:02,1,0,0,Red,B
1970,03-Jun-17,10:15:02,1,0,0,Red,B
1971,03-Jun-17,10:15:02,1,0,0,Red,B
1972,03-Jun-17,10:15:02,1,0,0,Red,B
1973,03-Jun-17,10:15:03,1,0,0,Red,B
1974,03-Jun-17,10:15:03,1,0,0,Red,B
1975,03-Jun-17,10:15:03,1,0,0,Red,B
1976,03-Jun-17,10:15:03,1,0,0,Red,B
1977,03-Jun-17,10:15:03,1,0,0,Red,B
1978,03-Jun-17,10:15:03,1,0,0,Red,B
1979,03-Jun-17,10:15:04,1,0,0,Red,B
1980,03-Jun-17,10:15:04,1,0,0,Red,B
1981,03-Jun-17,10:15:04,1,0,0,Red,B
1982,03-Jun-17,10:15:04,1,0,0,Red,B
1983,03-Jun-17,10:15:05,1,0,0,Red,B
1984,03-Jun-17,10:15:05,1,0,0,Red,B
1985,03-Jun-17,10:15:05,1,0,0,Red,B
1986,03-Jun-17,10:15:05,1,0,0,Red,B
1987,03-Jun-17,10:15:06,1,0,0,Red,B
1988,03-Jun-17,10:15:06,1,0,0,Red,B
1989,03-Jun-17,10:15:06,1,0,0,Red,B
1990,03-Jun-17,10:15:06,1,0,0,Red,B
1991,03-Jun-17,10:15:06,1,0,0,Red,B
1992,03-Jun-17,10:15:06,1,0,0,Red,B
1993,03-Jun-17,10:15:07,1,0,0,Red,B
1994,03-Jun-17,10:15:07,1,0,0,Red,B
1995,03-Jun-17,10:15:07,1,0,0,Red,B
1996,03-Jun-17,10:15:07,1,0,0,Red,B
1997,03-Jun-17,10:15:08,1,0,0,Red,B
1998,03-Jun-17,10:15:08,1,0,0,Red,B
1999,03-Jun-17,10:15:08,1,0,0,Red,B
2000,03-Jun-17,10:15:08,1,0,0,Red,B
2001,03-Jun-17,10:15:08,1,0,0,Red,B
2227,03-Jun-17,10:15:53,1,0,0,Red,B
2228,03-Jun-17,10:15:54,1,0,0,Red,B
2229,03-Jun-17,10:15:54,1,0,0,Red,B
2230,03-Jun-17,10:15:54,1,0,0,Red,B
2231,03-Jun-17,10:15:54,1,0,0,Red,B
2232,03-Jun-17,10:15:54,1,0,0,Red,B
2233,03-Jun-17,10:15:55,1,0,0,Red,B
2234,03-Jun-17,10:15:55,1,0,0,Red,B
2235,03-Jun-17,10:15:55,1,0,0,Red,B
2236,03-Jun-17,10:15:55,1,0,0,Red,B
2237,03-Jun-17,10:15:56,1,0,0,Red,B
2238,03-Jun-17,10:15:56,1,0,0,Red,B
2239,03-Jun-17,10:15:56,1,0,0,Red,B
2240,03-Jun-17,10:15:56,1,0,0,Red,B
2241,03-Jun-17,10:15:56,1,0,0,Red,B
2242,03-Jun-17,10:15:56,1,0,0,Red,B
2243,03-Jun-17,10:15:57,1,0,0,Red,B
2244,03-Jun-17,10:15:57,1,0,0,Red,B
2245,03-Jun-17,10:15:57,1,0,0,Red,B
2246,03-Jun-17,10:15:57,1,0,0,Red,B
2247,03-Jun-17,10:15:58,1,0,0,Red,B
2248,03-Jun-17,10:15:58,1,0,0,Red,B
2249,03-Jun-17,10:15:58,1,0,0,Red,B
2250,03-Jun-17,10:15:58,1,0,0,Red,B
2251,03-Jun-17,10:15:58,1,0,0,Red,B
2252,03-Jun-17,10:15:59,1,0,0,Red,B
2253,03-Jun-17,10:15:59,1,0,0,Red,B
2254,03-Jun-17,10:15:59,1,0,0,Red,B
2255,03-Jun-17,10:15:59,1,0,0,Red,B
2256,03-Jun-17,10:16:00,1,0,0,Red,B
2257,03-Jun-17,10:16:00,1,0,0,Red,B
2258,03-Jun-17,10:16:00,1,0,0,Red,B
2259,03-Jun-17,10:16:00,1,0,0,Red,B
2260,03-Jun-17,10:16:00,1,0,0,Red,B
2261,03-Jun-17,10:16:00,1,0,0,Red,B
2262,03-Jun-17,10:16:00,1,0,0,Red,B
2263,03-Jun-17,10:16:00,1,0,0,Red,B
2264,03-Jun-17,10:16:01,1,0,0,Red,B
2265,03-Jun-17,10:16:01,1,0,0,Red,B
2266,03-Jun-17,10:16:01,1,0,0,Red,B
2267,03-Jun-17,10:16:01,1,0,0,Red,B
2268,03-Jun-17,10:16:01,1,0,0,Red,B
2269,03-Jun-17,10:16:02,1,0,0,Red,B
2270,03-Jun-17,10:16:02,1,0,0,Red,B
2271,03-Jun-17,10:16:02,1,0,0,Red,B
2272,03-Jun-17,10:16:02,1,0,0,Red,B
2273,03-Jun-17,10:16:03,1,0,0,Red,B
2274,03-Jun-17,10:16:03,1,0,0,Red,B
2275,03-Jun-17,10:16:03,1,0,0,Red,B
2276,03-Jun-17,10:16:03,1,0,0,Red,B
2277,03-Jun-17,10:16:03,1,0,0,Red,B
2278,03-Jun-17,10:16:04,1,0,0,Red,B
2279,03-Jun-17,10:16:04,1,0,0,Red,B
2280,03-Jun-17,10:16:04,1,0,0,Red,B
2281,03-Jun-17,10:16:04,1,0,0,Red,B
2282,03-Jun-17,10:16:04,1,0,0,Red,B
2283,03-Jun-17,10:16:04,1,0,0,Red,B
2284,03-Jun-17,10:16:05,1,0,0,Red,B
2285,03-Jun-17,10:16:05,1,0,0,Red,B
2286,03-Jun-17,10:16:05,1,0,0,Red,B
2287,03-Jun-17,10:16:05,1,0,0,Red,B
2288,03-Jun-17,10:16:05,1,0,0,Red,B
2289,03-Jun-17,10:16:06,1,0,0,Red,B
2290,03-Jun-17,10:16:06,1,0,0,Red,B
2291,03-Jun-17,10:16:06,1,0,0,Red,B
2292,03-Jun-17,10:16:06,1,0,0,Red,B
2293,03-Jun-17,10:16:07,1,0,0,Red,B
2294,03-Jun-17,10:16:07,1,0,0,Red,B
2295,03-Jun-17,10:16:07,1,0,0,Red,B
2296,03-Jun-17,10:16:07,1,0,0,Red,B
2297,03-Jun-17,10:16:07,1,0,0,Red,B
2298,03-Jun-17,10:16:08,1,0,0,Red,B
2299,03-Jun-17,10:16:08,1,0,0,Red,B
2300,03-Jun-17,10:16:08,1,0,0,Red,B
2301,03-Jun-17,10:16:08,1,0,0,Red,B
2527,03-Jun-17,10:16:54,1,0,0,Red,B
2528,03-Jun-17,10:16:54,1,0,0,Red,B
2529,03-Jun-17,10:16:54,1,0,0,Red,B
2530,03-Jun-17,10:16:54,1,0,0,Red,B
2531,03-Jun-17,10:16:54,1,0,0,Red,B
2532,03-Jun-17,10:16:54,1,0,0,Red,B
2533,03-Jun-17,10:16:54,1,0,0,Red,B
2534,03-Jun-17,10:16:55,1,0,0,Red,B
2535,03-Jun-17,10:16:55,1,0,0,Red,B
2536,03-Jun-17,10:16:55,1,0,0,Red,B
2537,03-Jun-17,10:16:55,1,0,0,Red,B
2538,03-Jun-17,10:16:56,1,0,0,Red,B
2539,03-Jun-17,10:16:56,1,0,0,Red,B
2540,03-Jun-17,10:16:56,1,0,0,Red,B
2541,03-Jun-17,10:16:56,1,0,0,Red,B
2542,03-Jun-17,10:16:56,1,0,0,Red,B
2543,03-Jun-17,10:16:57,1,0,0,Red,B
2544,03-Jun-17,10:16:57,1,0,0,Red,B
2545,03-Jun-17,10:16:57,1,0,0,Red,B
2546,03-Jun-17,10:16:57,1,0,0,Red,B
2547,03-Jun-17,10:16:58,1,0,0,Red,B
2548,03-Jun-17,10:16:58,1,0,0,Red,B
2549,03-Jun-17,10:16:58,1,0,0,Red,B
2550,03-Jun-17,10:16:58,1,0,0,Red,B
2551,03-Jun-17,10:16:58,1,0,0,Red,B
2552,03-Jun-17,10:16:58,1,0,0,Red,B
2553,03-Jun-17,10:16:58,1,0,0,Red,B
2554,03-Jun-17,10:16:59,1,0,0,Red,B
2555,03-Jun-17,10:16:59,1,0,0,Red,B
2556,03-Jun-17,10:16:59,1,0,0,Red,B
2557,03-Jun-17,10:16:59,1,0,0,Red,B
2558,03-Jun-17,10:17:00,1,0,0,Red,B
2559,03-Jun-17,10:17:00,1,0,0,Red,B
2560,03-Jun-17,10:17:00,1,0,0,Red,B
2561,03-Jun-17,10:17:00,1,0,0,Red,B
2562,03-Jun-17,10:17:00,1,0,0,Red,B
2563,03-Jun-17,10:17:01,1,0,0,Red,B
2564,03-Jun-17,10:17:01,1,0,0,Red,B
2565,03-Jun-17,10:17:01,1,0,0,Red,B
2566,03-Jun-17,10:17:01,1,0,0,Red,B
2567,03-Jun-17,10:17:02,1,0,0,Red,B
2568,03-Jun-17,10:17:02,1,0,0,Red,B
2569,03-Jun-17,10:17:02,1,0,0,Red,B
2570,03-Jun-17,10:17:02,1,0,0,Red,B
2571,03-Jun-17,10:17:02,1,0,0,Red,B
2572,03-Jun-17,10:17:02,1,0,0,Red,B
2573,03-Jun-17,10:17:02,1,0,0,Red,B
2574,03-Jun-17,10:17:03,1,0,0,Red,B
2575,03-Jun-17,10:17:03,1,0,0,Red,B
2576,03-Jun-17,10:17:03,1,0,0,Red,B
2577,03-Jun-17,10:17:03,1,0,0,Red,B
2578,03-Jun-17,10:17:04,1,0,0,Red,B
2579,03-Jun-17,10:17:04,1,0,0,Red,B
2580,03-Jun-17,10:17:04,1,0,0,Red,B
2581,03-Jun-17,10:17:04,1,0,0,Red,B
2582,03-Jun-17,10:17:04,1,0,0,Red,B
2583,03-Jun-17,10:17:05,1,0,0,Red,B
2584,03-Jun-17,10:17:05,1,0,0,Red,B
2585,03-Jun-17,10:17:05,1,0,0,Red,B
2586,03-Jun-17,10:17:05,1,0,0,Red,B
2587,03-Jun-17,10:17:06,1,0,0,Red,B
2588,03-Jun-17,10:17:06,1,0,0,Red,B
2589,03-Jun-17,10:17:06,1,0,0,Red,B
2590,03-Jun-17,10:17:06,1,0,0,Red,B
2591,03-Jun-17,10:17:06,1,0,0,Red,B
2592,03-Jun-17,10:17:06,1,0,0,Red,B
2593,03-Jun-17,10:17:07,1,0,0,Red,B
2594,03-Jun-17,10:17:07,1,0,0,Red,B
2595,03-Jun-17,10:17:07,1,0,0,Red,B
2596,03-Jun-17,10:17:07,1,0,0,Red,B
2597,03-Jun-17,10:17:07,1,0,0,Red,B
2598,03-Jun-17,10:17:08,1,0,0,Red,B
2599,03-Jun-17,10:17:08,1,0,0,Red,B
2600,03-Jun-17,10:17:08,1,0,0,Red,B
2601,03-Jun-17,10:17:08,1,0,0,Red,B
2827,03-Jun-17,10:17:54,1,0,0,Red,B
2828,03-Jun-17,10:17:54,1,0,0,Red,B
2829,03-Jun-17,10:17:54,1,0,0,Red,B
2830,03-Jun-17,10:17:54,1,0,0,Red,B
2831,03-Jun-17,10:17:54,1,0,0,Red,B
2832,03-Jun-17,10:17:54,1,0,0,Red,B
2833,03-Jun-17,10:17:54,1,0,0,Red,B
2834,03-Jun-17,10:17:55,1,0,0,Red,B
2835,03-Jun-17,10:17:55,1,0,0,Red,B
2836,03-Jun-17,10:17:55,1,0,0,Red,B
2837,03-Jun-17,10:17:55,1,0,0,Red,B
2838,03-Jun-17,10:17:56,1,0,0,Red,B
2839,03-Jun-17,10:17:56,1,0,0,Red,B
2840,03-Jun-17,10:17:56,1,0,0,Red,B
2841,03-Jun-17,10:17:56,1,0,0,Red,B
2842,03-Jun-17,10:17:56,1,0,0,Red,B
2843,03-Jun-17,10:17:57,1,0,0,Red,B
2844,03-Jun-17,10:17:57,1,0,0,Red,B
2845,03-Jun-17,10:17:57,1,0,0,Red,B
2846,03-Jun-17,10:17:57,1,0,0,Red,B
2847,03-Jun-17,10:17:58,1,0,0,Red,B
2848,03-Jun-17,10:17:58,1,0,0,Red,B
2849,03-Jun-17,10:17:58,1,0,0,Red,B
2850,03-Jun-17,10:17:58,1,0,0,Red,B
2851,03-Jun-17,10:17:58,1,0,0,Red,B
2852,03-Jun-17,10:17:58,1,0,0,Red,B
2853,03-Jun-17,10:17:59,1,0,0,Red,B
2854,03-Jun-17,10:17:59,1,0,0,Red,B
2855,03-Jun-17,10:17:59,1,0,0,Red,B
2856,03-Jun-17,10:17:59,1,0,0,Red,B
2857,03-Jun-17,10:18:00,1,0,0,Red,B
2858,03-Jun-17,10:18:00,1,0,0,Red,B
2859,03-Jun-17,10:18:00,1,0,0,Red,B
2860,03-Jun-17,10:18:00,1,0,0,Red,B
2861,03-Jun-17,10:18:00,1,0,0,Red,B
2862,03-Jun-17,10:18:01,1,0,0,Red,B
2863,03-Jun-17,10:18:01,1,0,0,Red,B
2864,03-Jun-17,10:18:01,1,0,0,Red,B
2865,03-Jun-17,10:18:01,1,0,0,Red,B
2866,03-Jun-17,10:18:01,1,0,0,Red,B
2867,03-Jun-17,10:18:01,1,0,0,Red,B
2868,03-Jun-17,10:18:01,1,0,0,Red,B
2869,03-Jun-17,10:18:02,1,0,0,Red,B
2870,03-Jun-17,10:18:02,1,0,0,Red,B
2871,03-Jun-17,10:18:02,1,0,0,Red,B
2872,03-Jun-17,10:18:02,1,0,0,Red,B
2873,03-Jun-17,10:18:03,1,0,0,Red,B
2874,03-Jun-17,10:18:03,1,0,0,Red,B
2875,03-Jun-17,10:18:03,1,0,0,Red,B
2876,03-Jun-17,10:18:03,1,0,0,Red,B
2877,03-Jun-17,10:18:03,1,0,0,Red,B
2878,03-Jun-17,10:18:04,1,0,0,Red,B
2879,03-Jun-17,10:18:04,1,0,0,Red,B
2880,03-Jun-17,10:18:04,1,0,0,Red,B
2881,03-Jun-17,10:18:04,1,0,0,Red,B
2882,03-Jun-17,10:18:05,1,0,0,Red,B
2883,03-Jun-17,10:18:05,1,0,0,Red,B
2884,03-Jun-17,10:18:05,1,0,0,Red,B
2885,03-Jun-17,10:18:05,1,0,0,Red,B
2886,03-Jun-17,10:18:05,1,0,0,Red,B
2887,03-Jun-17,10:18:06,1,0,0,Red,B
2888,03-Jun-17,10:18:06,1,0,0,Red,B
2889,03-Jun-17,10:18:06,1,0,0,Red,B
2890,03-Jun-17,10:18:06,1,0,0,Red,B
2891,03-Jun-17,10:18:06,1,0,0,Red,B
2892,03-Jun-17,10:18:06,1,0,0,Red,B
2893,03-Jun-17,10:18:07,1,0,0,Red,B
2894,03-Jun-17,10:18:07,1,0,0,Red,B
2895,03-Jun-17,10:18:07,1,0,0,Red,B
2896,03-Jun-17,10:18:07,1,0,0,Red,B
2897,03-Jun-17,10:18:07,1,0,0,Red,B
2898,03-Jun-17,10:18:08,1,0,0,Red,B
2899,03-Jun-17,10:18:08,1,0,0,Red,B
2900,03-Jun-17,10:18:08,1,0,0,Red,B
2901,03-Jun-17,10:18:08,1,0,0,Red,B
3127,03-Jun-17,10:18:53,1,0,0,Red,B
3128,03-Jun-17,10:18:54,1,0,0,Red,B
3129,03-Jun-17,10:18:54,1,0,0,Red,B
3130,03-Jun-17,10:18:54,1,0,0,Red,B
3131,03-Jun-17,10:18:54,1,0,0,Red,B
3132,03-Jun-17,10:18:55,1,0,0,Red,B
3133,03-Jun-17,10:18:55,1,0,0,Red,B
3134,03-Jun-17,10:18:55,1,0,0,Red,B
3135,03-Jun-17,10:18:55,1,0,0,Red,B
3136,03-Jun-17,10:18:56,1,0,0,Red,B
3137,03-Jun-17,10:18:56,1,0,0,Red,B
3138,03-Jun-17,10:18:56,1,0,0,Red,B
3139,03-Jun-17,10:18:56,1,0,0,Red,B
3140,03-Jun-17,10:18:56,1,0,0,Red,B
3141,03-Jun-17,10:18:56,1,0,0,Red,B
3142,03-Jun-17,10:18:56,1,0,0,Red,B
3143,03-Jun-17,10:18:57,1,0,0,Red,B
3144,03-Jun-17,10:18:57,1,0,0,Red,B
3145,03-Jun-17,10:18:57,1,0,0,Red,B
3146,03-Jun-17,10:18:57,1,0,0,Red,B
3147,03-Jun-17,10:18:57,1,0,0,Red,B
3148,03-Jun-17,10:18:58,1,0,0,Red,B
3149,03-Jun-17,10:18:58,1,0,0,Red,B
3150,03-Jun-17,10:18:58,1,0,0,Red,B
3151,03-Jun-17,10:18:58,1,0,0,Red,B
3152,03-Jun-17,10:18:59,1,0,0,Red,B
3153,03-Jun-17,10:18:59,1,0,0,Red,B
3154,03-Jun-17,10:18:59,1,0,0,Red,B
3155,03-Jun-17,10:18:59,1,0,0,Red,B
3156,03-Jun-17,10:18:59,1,0,0,Red,B
3157,03-Jun-17,10:19:00,1,0,0,Red,B
3158,03-Jun-17,10:19:00,1,0,0,Red,B
3159,03-Jun-17,10:19:00,1,0,0,Red,B
3160,03-Jun-17,10:19:00,1,0,0,Red,B
3161,03-Jun-17,10:19:00,1,0,0,Red,B
3162,03-Jun-17,10:19:00,1,0,0,Red,B
3163,03-Jun-17,10:19:00,1,0,0,Red,B
3164,03-Jun-17,10:19:01,1,0,0,Red,B
3165,03-Jun-17,10:19:01,1,0,0,Red,B
3166,03-Jun-17,10:19:01,1,0,0,Red,B
3167,03-Jun-17,10:19:01,1,0,0,Red,B
3168,03-Jun-17,10:19:01,1,0,0,Red,B
3169,03-Jun-17,10:19:02,1,0,0,Red,B
3170,03-Jun-17,10:19:02,1,0,0,Red,B
3171,03-Jun-17,10:19:02,1,0,0,Red,B
3172,03-Jun-17,10:19:02,1,0,0,Red,B
3173,03-Jun-17,10:19:03,1,0,0,Red,B
3174,03-Jun-17,10:19:03,1,0,0,Red,B
3175,03-Jun-17,10:19:03,1,0,0,Red,B
3176,03-Jun-17,10:19:03,1,0,0,Red,B
3177,03-Jun-17,10:19:03,1,0,0,Red,B
3178,03-Jun-17,10:19:04,1,0,0,Red,B
3179,03-Jun-17,10:19:04,1,0,0,Red,B
3180,03-Jun-17,10:19:04,1,0,0,Red,B
3181,03-Jun-17,10:19:04,1,0,0,Red,B
3182,03-Jun-17,10:19:04,1,0,0,Red,B
3183,03-Jun-17,10:19:05,1,0,0,Red,B
3184,03-Jun-17,10:19:05,1,0,0,Red,B
3185,03-Jun-17,10:19:05,1,0,0,Red,B
3186,03-Jun-17,10:19:05,1,0,0,Red,B
3187,03-Jun-17,10:19:05,1,0,0,Red,B
3188,03-Jun-17,10:19:05,1,0,0,Red,B
3189,03-Jun-17,10:19:06,1,0,0,Red,B
3190,03-Jun-17,10:19:06,1,0,0,Red,B
3191,03-Jun-17,10:19:06,1,0,0,Red,B
3192,03-Jun-17,10:19:06,1,0,0,Red,B
3193,03-Jun-17,10:19:07,1,0,0,Red,B
3194,03-Jun-17,10:19:07,1,0,0,Red,B
3195,03-Jun-17,10:19:07,1,0,0,Red,B
3196,03-Jun-17,10:19:07,1,0,0,Red,B
3197,03-Jun-17,10:19:07,1,0,0,Red,B
3198,03-Jun-17,10:19:07,1,0,0,Red,B
3199,03-Jun-17,10:19:08,1,0,0,Red,B
3200,03-Jun-17,10:19:08,1,0,0,Red,B
3201,03-Jun-17,10:19:08,1,0,0,Red,B
3427,03-Jun-17,10:19:53,1,0,0,Red,B
3428,03-Jun-17,10:19:54,1,0,0,Red,B
3429,03-Jun-17,10:19:54,1,0,0,Red,B
3430,03-Jun-17,10:19:54,1,0,0,Red,B
3431,03-Jun-17,10:19:54,1,0,0,Red,B
3432,03-Jun-17,10:19:54,1,0,0,Red,B
3433,03-Jun-17,10:19:55,1,0,0,Red,B
3434,03-Jun-17,10:19:55,1,0,0,Red,B
3435,03-Jun-17,10:19:55,1,0,0,Red,B
3436,03-Jun-17,10:19:55,1,0,0,Red,B
3437,03-Jun-17,10:19:56,1,0,0,Red,B
3438,03-Jun-17,10:19:56,1,0,0,Red,B
3439,03-Jun-17,10:19:56,1,0,0,Red,B
3440,03-Jun-17,10:19:56,1,0,0,Red,B
3441,03-Jun-17,10:19:56,1,0,0,Red,B
3442,03-Jun-17,10:19:56,1,0,0,Red,B
3443,03-Jun-17,10:19:56,1,0,0,Red,B
3444,03-Jun-17,10:19:57,1,0,0,Red,B
3445,03-Jun-17,10:19:57,1,0,0,Red,B
3446,03-Jun-17,10:19:57,1,0,0,Red,B
3447,03-Jun-17,10:19:57,1,0,0,Red,B
3448,03-Jun-17,10:19:58,1,0,0,Red,B
3449,03-Jun-17,10:19:58,1,0,0,Red,B
3450,03-Jun-17,10:19:58,1,0,0,Red,B
3451,03-Jun-17,10:19:58,1,0,0,Red,B
3452,03-Jun-17,10:19:58,1,0,0,Red,B
3453,03-Jun-17,10:19:59,1,0,0,Red,B
3454,03-Jun-17,10:19:59,1,0,0,Red,B
3455,03-Jun-17,10:19:59,1,0,0,Red,B
3456,03-Jun-17,10:19:59,1,0,0,Red,B
3457,03-Jun-17,10:20:00,1,0,0,Red,B
3458,03-Jun-17,10:20:00,1,0,0,Red,B
3459,03-Jun-17,10:20:00,1,0,0,Red,B
3460,03-Jun-17,10:20:00,1,0,0,Red,B
3461,03-Jun-17,10:20:00,1,0,0,Red,B
3462,03-Jun-17,10:20:00,1,0,0,Red,B
3463,03-Jun-17,10:20:00,1,0,0,Red,B
3464,03-Jun-17,10:20:01,1,0,0,Red,B
3465,03-Jun-17,10:20:01,1,0,0,Red,B
3466,03-Jun-17,10:20:01,1,0,0,Red,B
3467,03-Jun-17,10:20:01,1,0,0,Red,B
3468,03-Jun-17,10:20:02,1,0,0,Red,B
3469,03-Jun-17,10:20:02,1,0,0,Red,B
3470,03-Jun-17,10:20:02,1,0,0,Red,B
3471,03-Jun-17,10:20:02,1,0,0,Red,B
3472,03-Jun-17,10:20:02,1,0,0,Red,B
3473,03-Jun-17,10:20:03,1,0,0,Red,B
3474,03-Jun-17,10:20:03,1,0,0,Red,B
3475,03-Jun-17,10:20:03,1,0,0,Red,B
3476,03-Jun-17,10:20:03,1,0,0,Red,B
3477,03-Jun-17,10:20:04,1,0,0,Red,B
3478,03-Jun-17,10:20:04,1,0,0,Red,B
3479,03-Jun-17,10:20:04,1,0,0,Red,B
3480,03-Jun-17,10:20:04,1,0,0,Red,B
3481,03-Jun-17,10:20:04,1,0,0,Red,B
3482,03-Jun-17,10:20:04,1,0,0,Red,B
3483,03-Jun-17,10:20:04,1,0,0,Red,B
3484,03-Jun-17,10:20:05,1,0,0,Red,B
3485,03-Jun-17,10:20:05,1,0,0,Red,B
3486,03-Jun-17,10:20:05,1,0,0,Red,B
3487,03-Jun-17,10:20:05,1,0,0,Red,B
3488,03-Jun-17,10:20:06,1,0,0,Red,B
3489,03-Jun-17,10:20:06,1,0,0,Red,B
3490,03-Jun-17,10:20:06,1,0,0,Red,B
3491,03-Jun-17,10:20:06,1,0,0,Red,B
3492,03-Jun-17,10:20:06,1,0,0,Red,B
3493,03-Jun-17,10:20:07,1,0,0,Red,B
3494,03-Jun-17,10:20:07,1,0,0,Red,B
3495,03-Jun-17,10:20:07,1,0,0,Red,B
3496,03-Jun-17,10:20:07,1,0,0,Red,B
3497,03-Jun-17,10:20:08,1,0,0,Red,B
3498,03-Jun-17,10:20:08,1,0,0,Red,B
3499,03-Jun-17,10:20:08,1,0,0,Red,B
3500,03-Jun-17,10:20:08,1,0,0,Red,B
3501,03-Jun-17,10:20:08,1,0,0,Red,B
3727,03-Jun-17,10:20:53,1,0,0,Red,B
3728,03-Jun-17,10:20:54,1,0,0,Red,B
3729,03-Jun-17,10:20:54,1,0,0,Red,B
3730,03-Jun-17,10:20:54,1,0,0,Red,B
3731,03-Jun-17,10:20:54,1,0,0,Red,B
3732,03-Jun-17,10:20:54,1,0,0,Red,B
3733,03-Jun-17,10:20:55,1,0,0,Red,B
3734,03-Jun-17,10:20:55,1,0,0,Red,B
3735,03-Jun-17,10:20:55,1,0,0,Red,B
3736,03-Jun-17,10:20:55,1,0,0,Red,B
3737,03-Jun-17,10:20:56,1,0,0,Red,B
3738,03-Jun-17,10:20:56,1,0,0,Red,B
3739,03-Jun-17,10:20:56,1,0,0,Red,B
3740,03-Jun-17,10:20:56,1,0,0,Red,B
3741,03-Jun-17,10:20:56,1,0,0,Red,B
3742,03-Jun-17,10:20:57,1,0,0,Red,B
3743,03-Jun-17,10:20:57,1,0,0,Red,B
3744,03-Jun-17,10:20:57,1,0,0,Red,B
3745,03-Jun-17,10:20:57,1,0,0,Red,B
3746,03-Jun-17,10:20:57,1,0,0,Red,B
3747,03-Jun-17,10:20:57,1,0,0,Red,B
3748,03-Jun-17,10:20:57,1,0,0,Red,B
3749,03-Jun-17,10:20:58,1,0,0,Red,B
3750,03-Jun-17,10:20:58,1,0,0,Red,B
3751,03-Jun-17,10:20:58,1,0,0,Red,B
3752,03-Jun-17,10:20:58,1,0,0,Red,B
3753,03-Jun-17,10:20:59,1,0,0,Red,B
3754,03-Jun-17,10:20:59,1,0,0,Red,B
3755,03-Jun-17,10:20:59,1,0,0,Red,B
3756,03-Jun-17,10:20:59,1,0,0,Red,B
3757,03-Jun-17,10:21:00,1,0,0,Red,B
3758,03-Jun-17,10:21:00,1,0,0,Red,B
3759,03-Jun-17,10:21:00,1,0,0,Red,B
3760,03-Jun-17,10:21:00,1,0,0,Red,B
3761,03-Jun-17,10:21:00,1,0,0,Red,B
3762,03-Jun-17,10:21:01,1,0,0,Red,B
3763,03-Jun-17,10:21:01,1,0,0,Red,B
3764,03-Jun-17,10:21:01,1,0,0,Red,B
3765,03-Jun-17,10:21:01,1,0,0,Red,B
3766,03-Jun-17,10:21:01,1,0,0,Red,B
3767,03-Jun-17,10:21:02,1,0,0,Red,B
3768,03-Jun-17,10:21:02,1,0,0,Red,B
3769,03-Jun-17,10:21:02,1,0,0,Red,B
3770,03-Jun-17,10:21:02,1,0,0,Red,B
3771,03-Jun-17,10:21:02,1,0,0,Red,B
3772,03-Jun-17,10:21:02,1,0,0,Red,B
3773,03-Jun-17,10:21:03,1,0,0,Red,B
3774,03-Jun-17,10:21:03,1,0,0,Red,B
3775,03-Jun-17,10:21:03,1,0,0,Red,B
3776,03-Jun-17,10:21:03,1,0,0,Red,B
3777,03-Jun-17,10:21:03,1,0,0,Red,B
3778,03-Jun-17,10:21:04,1,0,0,Red,B
3779,03-Jun-17,10:21:04,1,0,0,Red,B
3780,03-Jun-17,10:21:04,1,0,0,Red,B
3781,03-Jun-17,10:21:04,1,0,0,Red,B
3782,03-Jun-17,10:21:05,1,0,0,Red,B
3783,03-Jun-17,10:21:05,1,0,0,Red,B
3784,03-Jun-17,10:21:05,1,0,0,Red,B
3785,03-Jun-17,10:21:05,1,0,0,Red,B
3786,03-Jun-17,10:21:05,1,0,0,Red,B
3787,03-Jun-17,10:21:06,1,0,0,Red,B
3788,03-Jun-17,10:21:06,1,0,0,Red,B
3789,03-Jun-17,10:21:06,1,0,0,Red,B
3790,03-Jun-17,10:21:06,1,0,0,Red,B
3791,03-Jun-17,10:21:06,1,0,0,Red,B
3792,03-Jun-17,10:21:06,1,0,0,Red,B
3793,03-Jun-17,10:21:07,1,0,0,Red,B
3794,03-Jun-17,10:21:07,1,0,0,Red,B
3795,03-Jun-17,10:21:07,1,0,0,Red,B
3796,03-Jun-17,10:21:07,1,0,0,Red,B
3797,03-Jun-17,10:21:07,1,0,0,Red,B
3798,03-Jun-17,10:21:08,1,0,0,Red,B
3799,03-Jun-17,10:21:08,1,0,0,Red,B
3800,03-Jun-17,10:21:08,1,0,0,Red,B
3801,03-Jun-17,10:21:08,1,0,0,Red,B
4027,03-Jun-17,10:21:54,1,0,0,Red,B
4028,03-Jun-17,10:21:54,1,0,0,Red,B
4029,03-Jun-17,10:21:54,1,0,0,Red,B
4030,03-Jun-17,10:21:54,1,0,0,Red,B
4031,03-Jun-17,10:21:54,1,0,0,Red,B
4032,03-Jun-17,10:21:55,1,0,0,Red,B
4033,03-Jun-17,10:21:55,1,0,0,Red,B
4034,03-Jun-17,10:21:55,1,0,0,Red,B
4035,03-Jun-17,10:21:55,1,0,0,Red,B
4036,03-Jun-17,10:21:55,1,0,0,Red,B
4037,03-Jun-17,10:21:55,1,0,0,Red,B
4038,03-Jun-17,10:21:55,1,0,0,Red,B
4039,03-Jun-17,10:21:56,1,0,0,Red,B
4040,03-Jun-17,10:21:56,1,0,0,Red,B
4041,03-Jun-17,10:21:56,1,0,0,Red,B
4042,03-Jun-17,10:21:56,1,0,0,Red,B
4043,03-Jun-17,10:21:57,1,0,0,Red,B
4044,03-Jun-17,10:21:57,1,0,0,Red,B
4045,03-Jun-17,10:21:57,1,0,0,Red,B
4046,03-Jun-17,10:21:57,1,0,0,Red,B
4047,03-Jun-17,10:21:58,1,0,0,Red,B
4048,03-Jun-17,10:21:58,1,0,0,Red,B
4049,03-Jun-17,10:21:58,1,0,0,Red,B
4050,03-Jun-17,10:21:58,1,0,0,Red,B
4051,03-Jun-17,10:21:58,1,0,0,Red,B
4052,03-Jun-17,10:21:59,1,0,0,Red,B
4053,03-Jun-17,10:21:59,1,0,0,Red,B
4054,03-Jun-17,10:21:59,1,0,0,Red,B
4055,03-Jun-17,10:21:59,1,0,0,Red,B
4056,03-Jun-17,10:21:59,1,0,0,Red,B
4057,03-Jun-17,10:21:59,1,0,0,Red,B
4058,03-Jun-17,10:21:59,1,0,0,Red,B
4059,03-Jun-17,10:22:00,1,0,0,Red,B
4060,03-Jun-17,10:22:00,1,0,0,Red,B
4061,03-Jun-17,10:22:00,1,0,0,Red,B
4062,03-Jun-17,10:22:00,1,0,0,Red,B
4063,03-Jun-17,10:22:01,1,0,0,Red,B
4064,03-Jun-17,10:22:01,1,0,0,Red,B
4065,03-Jun-17,10:22:01,1,0,0,Red,B
4066,03-Jun-17,10:22:01,1,0,0,Red,B
4067,03-Jun-17,10:22:01,1,0,0,Red,B
4068,03-Jun-17,10:22:02,1,0,0,Red,B
4069,03-Jun-17,10:22:02,1,0,0,Red,B
4070,03-Jun-17,10:22:02,1,0,0,Red,B
4071,03-Jun-17,10:22:02,1,0,0,Red,B
4072,03-Jun-17,10:22:03,1,0,0,Red,B
4073,03-Jun-17,10:22:03,1,0,0,Red,B
4074,03-Jun-17,10:22:03,1,0,0,Red,B
4075,03-Jun-17,10:22:03,1,0,0,Red,B
4076,03-Jun-17,10:22:03,1,0,0,Red,B
4077,03-Jun-17,10:22:03,1,0,0,Red,B
4078,03-Jun-17,10:22:03,1,0,0,Red,B
4079,03-Jun-17,10:22:04,1,0,0,Red,B
4080,03-Jun-17,10:22:04,1,0,0,Red,B
4081,03-Jun-17,10:22:04,1,0,0,Red,B
4082,03-Jun-17,10:22:04,1,0,0,Red,B
4083,03-Jun-17,10:22:05,1,0,0,Red,B
4084,03-Jun-17,10:22:05,1,0,0,Red,B
4085,03-Jun-17,10:22:05,1,0,0,Red,B
4086,03-Jun-17,10:22:05,1,0,0,Red,B
4087,03-Jun-17,10:22:05,1,0,0,Red,B
4088,03-Jun-17,10:22:06,1,0,0,Red,B
4089,03-Jun-17,10:22:06,1,0,0,Red,B
4090,03-Jun-17,10:22:06,1,0,0,Red,B
4091,03-Jun-17,10:22:06,1,0,0,Red,B
4092,03-Jun-17,10:22:07,1,0,0,Red,B
4093,03-Jun-17,10:22:07,1,0,0,Red,B
4094,03-Jun-17,10:22:07,1,0,0,Red,B
4095,03-Jun-17,10:22:07,1,0,0,Red,B
4096,03-Jun-17,10:22:07,1,0,0,Red,B
4097,03-Jun-17,10:22:07,1,0,0,Red,B
4098,03-Jun-17,10:22:07,1,0,0,Red,B
4099,03-Jun-17,10:22:08,1,0,0,Red,B
4100,03-Jun-17,10:22:08,1,0,0,Red,B
4101,03-Jun-17,10:22:08,1,0,0,Red,B
4327,03-Jun-17,10:22:53,1,0,0,Red,B
4328,03-Jun-17,10:22:54,1,0,0,Red,B
4329,03-Jun-17,10:22:54,1,0,0,Red,B
4330,03-Jun-17,10:22:54,1,0,0,Red,B
4331,03-Jun-17,10:22:54,1,0,0,Red,B
4332,03-Jun-17,10:22:55,1,0,0,Red,B
4333,03-Jun-17,10:22:55,1,0,0,Red,B
4334,03-Jun-17,10:22:55,1,0,0,Red,B
4335,03-Jun-17,10:22:55,1,0,0,Red,B
4336,03-Jun-17,10:22:55,1,0,0,Red,B
4337,03-Jun-17,10:22:55,1,0,0,Red,B
4338,03-Jun-17,10:22:55,1,0,0,Red,B
4339,03-Jun-17,10:22:56,1,0,0,Red,B
4340,03-Jun-17,10:22:56,1,0,0,Red,B
4341,03-Jun-17,10:22:56,1,0,0,Red,B
4342,03-Jun-17,10:22:56,1,0,0,Red,B
4343,03-Jun-17,10:22:57,1,0,0,Red,B
4344,03-Jun-17,10:22:57,1,0,0,Red,B
4345,03-Jun-17,10:22:57,1,0,0,Red,B
4346,03-Jun-17,10:22:57,1,0,0,Red,B
4347,03-Jun-17,10:22:58,1,0,0,Red,B
4348,03-Jun-17,10:22:58,1,0,0,Red,B
4349,03-Jun-17,10:22:58,1,0,0,Red,B
4350,03-Jun-17,10:22:58,1,0,0,Red,B
4351,03-Jun-17,10:22:58,1,0,0,Red,B
4352,03-Jun-17,10:22:58,1,0,0,Red,B
4353,03-Jun-17,10:22:58,1,0,0,Red,B
4354,03-Jun-17,10:22:59,1,0,0,Red,B
4355,03-Jun-17,10:22:59,1,0,0,Red,B
4356,03-Jun-17,10:22:59,1,0,0,Red,B
4357,03-Jun-17,10:22:59,1,0,0,Red,B
4358,03-Jun-17,10:23:00,1,0,0,Red,B
4359,03-Jun-17,10:23:00,1,0,0,Red,B
4360,03-Jun-17,10:23:00,1,0,0,Red,B
4361,03-Jun-17,10:23:00,1,0,0,Red,B
4362,03-Jun-17,10:23:00,1,0,0,Red,B
4363,03-Jun-17,10:23:01,1,0,0,Red,B
4364,03-Jun-17,10:23:01,1,0,0,Red,B
4365,03-Jun-17,10:23:01,1,0,0,Red,B
4366,03-Jun-17,10:23:01,1,0,0,Red,B
4367,03-Jun-17,10:23:02,1,0,0,Red,B
4368,03-Jun-17,10:23:02,1,0,0,Red,B
4369,03-Jun-17,10:23:02,1,0,0,Red,B
4370,03-Jun-17,10:23:02,1,0,0,Red,B
4371,03-Jun-17,10:23:02,1,0,0,Red,B
4372,03-Jun-17,10:23:03,1,0,0,Red,B
4373,03-Jun-17,10:23:03,1,0,0,Red,B
4374,03-Jun-17,10:23:03,1,0,0,Red,B
4375,03-Jun-17,10:23:03,1,0,0,Red,B
4376,03-Jun-17,10:23:03,1,0,0,Red,B
4377,03-Jun-17,10:23:03,1,0,0,Red,B
4378,03-Jun-17,10:23:04,1,0,0,Red,B
4379,03-Jun-17,10:23:04,1,0,0,Red,B
4380,03-Jun-17,10:23:04,1,0,0,Red,B
4381,03-Jun-17,10:23:04,1,0,0,Red,B
4382,03-Jun-17,10:23:04,1,0,0,Red,B
4383,03-Jun-17,10:23:05,1,0,0,Red,B
4384,03-Jun-17,10:23:05,1,0,0,Red,B
4385,03-Jun-17,10:23:05,1,0,0,Red,B
4386,03-Jun-17,10:23:05,1,0,0,Red,B
4387,03-Jun-17,10:23:06,1,0,0,Red,B
4388,03-Jun-17,10:23:06,1,0,0,Red,B
4389,03-Jun-17,10:23:06,1,0,0,Red,B
4390,03-Jun-17,10:23:06,1,0,0,Red,B
4391,03-Jun-17,10:23:06,1,0,0,Red,B
4392,03-Jun-17,10:23:07,1,0,0,Red,B
4393,03-Jun-17,10:23:07,1,0,0,Red,B
4394,03-Jun-17,10:23:07,1,0,0,Red,B
4395,03-Jun-17,10:23:07,1,0,0,Red,B
4396,03-Jun-17,10:23:07,1,0,0,Red,B
4397,03-Jun-17,10:23:07,1,0,0,Red,B
4398,03-Jun-17,10:23:08,1,0,0,Red,B
4399,03-Jun-17,10:23:08,1,0,0,Red,B
4400,03-Jun-17,10:23:08,1,0,0,Red,B
4401,03-Jun-17,10:23:08,1,0,0,Red,B
4627,03-Jun-17,10:23:53,1,0,0,Red,B
4628,03-Jun-17,10:23:54,1,0,0,Red,B
4629,03-Jun-17,10:23:54,1,0,0,Red,B
4630,03-Jun-17,10:23:54,1,0,0,Red,B
4631,03-Jun-17,10:23:54,1,0,0,Red,B
4632,03-Jun-17,10:23:54,1,0,0,Red,B
4633,03-Jun-17,10:23:55,1,0,0,Red,B
4634,03-Jun-17,10:23:55,1,0,0,Red,B
4635,03-Jun-17,10:23:55,1,0,0,Red,B
4636,03-Jun-17,10:23:55,1,0,0,Red,B
4637,03-Jun-17,10:23:56,1,0,0,Red,B
4638,03-Jun-17,10:23:56,1,0,0,Red,B
4639,03-Jun-17,10:23:56,1,0,0,Red,B
4640,03-Jun-17,10:23:56,1,0,0,Red,B
4641,03-Jun-17,10:23:56,1,0,0,Red,B
4642,03-Jun-17,10:23:57,1,0,0,Red,B
4643,03-Jun-17,10:23:57,1,0,0,Red,B
4644,03-Jun-17,10:23:57,1,0,0,Red,B
4645,03-Jun-17,10:23:57,1,0,0,Red,B
4646,03-Jun-17,10:23:57,1,0,0,Red,B
4647,03-Jun-17,10:23:57,1,0,0,Red,B
4648,03-Jun-17,10:23:58,1,0,0,Red,B
4649,03-Jun-17,10:23:58,1,0,0,Red,B
4650,03-Jun-17,10:23:58,1,0,0,Red,B
4651,03-Jun-17,10:23:58,1,0,0,Red,B
4652,03-Jun-17,10:23:58,1,0,0,Red,B
4653,03-Jun-17,10:23:59,1,0,0,Red,B
4654,03-Jun-17,10:23:59,1,0,0,Red,B
4655,03-Jun-17,10:23:59,1,0,0,Red,B
4656,03-Jun-17,10:23:59,1,0,0,Red,B
4657,03-Jun-17,10:24:00,1,0,0,Red,B
4658,03-Jun-17,10:24:00,1,0,0,Red,B
4659,03-Jun-17,10:24:00,1,0,0,Red,B
4660,03-Jun-17,10:24:00,1,0,0,Red,B
4661,03-Jun-17,10:24:00,1,0,0,Red,B
4662,03-Jun-17,10:24:01,1,0,0,Red,B
4663,03-Jun-17,10:24:01,1,0,0,Red,B
4664,03-Jun-17,10:24:01,1,0,0,Red,B
4665,03-Jun-17,10:24:01,1,0,0,Red,B
4666,03-Jun-17,10:24:01,1,0,0,Red,B
4667,03-Jun-17,10:24:01,1,0,0,Red,B
4668,03-Jun-17,10:24:02,1,0,0,Red,B
4669,03-Jun-17,10:24:02,1,0,0,Red,B
4670,03-Jun-17,10:24:02,1,0,0,Red,B
4671,03-Jun-17,10:24:02,1,0,0,Red,B
4672,03-Jun-17,10:24:02,1,0,0,Red,B
4673,03-Jun-17,10:24:03,1,0,0,Red,B
4674,03-Jun-17,10:24:03,1,0,0,Red,B
4675,03-Jun-17,10:24:03,1,0,0,Red,B
4676,03-Jun-17,10:24:03,1,0,0,Red,B
4677,03-Jun-17,10:24:04,1,0,0,Red,B
4678,03-Jun-17,10:24:04,1,0,0,Red,B
4679,03-Jun-17,10:24:04,1,0,0,Red,B
4680,03-Jun-17,10:24:04,1,0,0,Red,B
4681,03-Jun-17,10:24:04,1,0,0,Red,B
4682,03-Jun-17,10:24:05,1,0,0,Red,B
4683,03-Jun-17,10:24:05,1,0,0,Red,B
4684,03-Jun-17,10:24:05,1,0,0,Red,B
4685,03-Jun-17,10:24:05,1,0,0,Red,B
4686,03-Jun-17,10:24:06,1,0,0,Red,B
4687,03-Jun-17,10:24:06,1,0,0,Red,B
4688,03-Jun-17,10:24:06,1,0,0,Red,B
4689,03-Jun-17,10:24:06,1,0,0,Red,B
4690,03-Jun-17,10:24:06,1,0,0,Red,B
4691,03-Jun-17,10:24:06,1,0,0,Red,B
4692,03-Jun-17,10:24:06,1,0,0,Red,B
4693,03-Jun-17,10:24:07,1,0,0,Red,B
4694,03-Jun-17,10:24:07,1,0,0,Red,B
4695,03-Jun-17,10:24:07,1,0,0,Red,B
4696,03-Jun-17,10:24:07,1,0,0,Red,B
4697,03-Jun-17,10:24:07,1,0,0,Red,B
4698,03-Jun-17,10:24:08,1,0,0,Red,B
4699,03-Jun-17,10:24:08,1,0,0,Red,B
4700,03-Jun-17,10:24:08,1,0,0,Red,B
4701,03-Jun-17,10:24:08,1,0,0,Red,B
4927,03-Jun-17,10:24:53,1,0,0,Red,B
4928,03-Jun-17,10:24:54,1,0,0,Red,B
4929,03-Jun-17,10:24:54,1,0,0,Red,B
4930,03-Jun-17,10:24:54,1,0,0,Red,B
4931,03-Jun-17,10:24:54,1,0,0,Red,B
4932,03-Jun-17,10:24:55,1,0,0,Red,B
4933,03-Jun-17,10:24:55,1,0,0,Red,B
4934,03-Jun-17,10:24:55,1,0,0,Red,B
4935,03-Jun-17,10:24:55,1,0,0,Red,B
4936,03-Jun-17,10:24:55,1,0,0,Red,B
4937,03-Jun-17,10:24:56,1,0,0,Red,B
4938,03-Jun-17,10:24:56,1,0,0,Red,B
4939,03-Jun-17,10:24:56,1,0,0,Red,B
4940,03-Jun-17,10:24:56,1,0,0,Red,B
4941,03-Jun-17,10:24:57,1,0,0,Red,B
4942,03-Jun-17,10:24:57,1,0,0,Red,B
4943,03-Jun-17,10:24:57,1,0,0,Red,B
4944,03-Jun-17,10:24:57,1,0,0,Red,B
4945,03-Jun-17,10:24:57,1,0,0,Red,B
4946,03-Jun-17,10:24:57,1,0,0,Red,B
4947,03-Jun-17,10:24:57,1,0,0,Red,B
4948,03-Jun-17,10:24:58,1,0,0,Red,B
4949,03-Jun-17,10:24:58,1,0,0,Red,B
4950,03-Jun-17,10:24:58,1,0,0,Red,B
4951,03-Jun-17,10:24:58,1,0,0,Red,B
4952,03-Jun-17,10:24:58,1,0,0,Red,B
4953,03-Jun-17,10:24:59,1,0,0,Red,B
4954,03-Jun-17,10:24:59,1,0,0,Red,B
4955,03-Jun-17,10:24:59,1,0,0,Red,B
4956,03-Jun-17,10:24:59,1,0,0,Red,B
4957,03-Jun-17,10:25:00,1,0,0,Red,B
4958,03-Jun-17,10:25:00,1,0,0,Red,B
4959,03-Jun-17,10:25:00,1,0,0,Red,B
4960,03-Jun-17,10:25:00,1,0,0,Red,B
4961,03-Jun-17,10:25:00,1,0,0,Red,B
4962,03-Jun-17,10:25:00,1,0,0,Red,B
4963,03-Jun-17,10:25:01,1,0,0,Red,B
4964,03-Jun-17,10:25:01,1,0,0,Red,B
4965,03-Jun-17,10:25:01,1,0,0,Red,B
4966,03-Jun-17,10:25:01,1,0,0,Red,B
4967,03-Jun-17,10:25:01,1,0,0,Red,B
4968,03-Jun-17,10:25:01,1,0,0,Red,B
4969,03-Jun-17,10:25:02,1,0,0,Red,B
4970,03-Jun-17,10:25:02,1,0,0,Red,B
4971,03-Jun-17,10:25:02,1,0,0,Red,B
4972,03-Jun-17,10:25:02,1,0,0,Red,B
4973,03-Jun-17,10:25:02,1,0,0,Red,B
4974,03-Jun-17,10:25:03,1,0,0,Red,B
4975,03-Jun-17,10:25:03,1,0,0,Red,B
4976,03-Jun-17,10:25:03,1,0,0,Red,B
4977,03-Jun-17,10:25:03,1,0,0,Red,B
4978,03-Jun-17,10:25:04,1,0,0,Red,B
4979,03-Jun-17,10:25:04,1,0,0,Red,B
4980,03-Jun-17,10:25:04,1,0,0,Red,B
4981,03-Jun-17,10:25:04,1,0,0,Red,B
4982,03-Jun-17,10:25:04,1,0,0,Red,B
4983,03-Jun-17,10:25:05,1,0,0,Red,B
4984,03-Jun-17,10:25:05,1,0,0,Red,B
4985,03-Jun-17,10:25:05,1,0,0,Red,B
4986,03-Jun-17,10:25:05,1,0,0,Red,B
4987,03-Jun-17,10:25:06,1,0,0,Red,B
4988,03-Jun-17,10:25:06,1,0,0,Red,B
4989,03-Jun-17,10:25:06,1,0,0,Red,B
4990,03-Jun-17,10:25:06,1,0,0,Red,B
4991,03-Jun-17,10:25:06,1,0,0,Red,B
4992,03-Jun-17,10:25:06,1,0,0,Red,B
4993,03-Jun-17,10:25:06,1,0,0,Red,B
4994,03-Jun-17,10:25:07,1,0,0,Red,B
4995,03-Jun-17,10:25:07,1,0,0,Red,B
4996,03-Jun-17,10:25:07,1,0,0,Red,B
4997,03-Jun-17,10:25:07,1,0,0,Red,B
4998,03-Jun-17,10:25:07,1,0,0,Red,B
4999,03-Jun-17,10:25:08,1,0,0,Red,B
5000,03-Jun-17,10:25:08,1,0,0,Red,B
5001,03-Jun-17,10:25:08,1,0,0,Red,B
5227,03-Jun-17,10:25:54,1,0,0,Red,B
5228,03-Jun-17,10:25:54,1,0,0,Red,B
5229,03-Jun-17,10:25:54,1,0,0,Red,B
5230,03-Jun-17,10:25:54,1,0,0,Red,B
5231,03-Jun-17,10:25:54,1,0,0,Red,B
5232,03-Jun-17,10:25:54,1,0,0,Red,B
5233,03-Jun-17,10:25:54,1,0,0,Red,B
5234,03-Jun-17,10:25:55,1,0,0,Red,B
5235,03-Jun-17,10:25:55,1,0,0,Red,B
5236,03-Jun-17,10:25:55,1,0,0,Red,B
5237,03-Jun-17,10:25:55,1,0,0,Red,B
5238,03-Jun-17,10:25:56,1,0,0,Red,B
5239,03-Jun-17,10:25:56,1,0,0,Red,B
5240,03-Jun-17,10:25:56,1,0,0,Red,B
5241,03-Jun-17,10:25:56,1,0,0,Red,B
5242,03-Jun-17,10:25:56,1,0,0,Red,B
5243,03-Jun-17,10:25:57,1,0,0,Red,B
5244,03-Jun-17,10:25:57,1,0,0,Red,B
5245,03-Jun-17,10:25:57,1,0,0,Red,B
5246,03-Jun-17,10:25:57,1,0,0,Red,B
5247,03-Jun-17,10:25:58,1,0,0,Red,B
5248,03-Jun-17,10:25:58,1,0,0,Red,B
5249,03-Jun-17,10:25:58,1,0,0,Red,B
5250,03-Jun-17,10:25:58,1,0,0,Red,B
5251,03-Jun-17,10:25:58,1,0,0,Red,B
5252,03-Jun-17,10:25:58,1,0,0,Red,B
5253,03-Jun-17,10:25:58,1,0,0,Red,B
5254,03-Jun-17,10:25:59,1,0,0,Red,B
5255,03-Jun-17,10:25:59,1,0,0,Red,B
5256,03-Jun-17,10:25:59,1,0,0,Red,B
5257,03-Jun-17,10:25:59,1,0,0,Red,B
5258,03-Jun-17,10:26:00,1,0,0,Red,B
5259,03-Jun-17,10:26:00,1,0,0,Red,B
5260,03-Jun-17,10:26:00,1,0,0,Red,B
5261,03-Jun-17,10:26:00,1,0,0,Red,B
5262,03-Jun-17,10:26:00,1,0,0,Red,B
5263,03-Jun-17,10:26:01,1,0,0,Red,B
5264,03-Jun-17,10:26:01,1,0,0,Red,B
5265,03-Jun-17,10:26:01,1,0,0,Red,B
5266,03-Jun-17,10:26:01,1,0,0,Red,B
5267,03-Jun-17,10:26:02,1,0,0,Red,B
5268,03-Jun-17,10:26:02,1,0,0,Red,B
5269,03-Jun-17,10:26:02,1,0,0,Red,B
5270,03-Jun-17,10:26:02,1,0,0,Red,B
5271,03-Jun-17,10:26:02,1,0,0,Red,B
5272,03-Jun-17,10:26:02,1,0,0,Red,B
5273,03-Jun-17,10:26:02,1,0,0,Red,B
5274,03-Jun-17,10:26:03,1,0,0,Red,B
5275,03-Jun-17,10:26:03,1,0,0,Red,B
5276,03-Jun-17,10:26:03,1,0,0,Red,B
5277,03-Jun-17,10:26:03,1,0,0,Red,B
5278,03-Jun-17,10:26:04,1,0,0,Red,B
5279,03-Jun-17,10:26:04,1,0,0,Red,B
5280,03-Jun-17,10:26:04,1,0,0,Red,B
5281,03-Jun-17,10:26:04,1,0,0,Red,B
5282,03-Jun-17,10:26:04,1,0,0,Red,B
5283,03-Jun-17,10:26:05,1,0,0,Red,B
5284,03-Jun-17,10:26:05,1,0,0,Red,B
5285,03-Jun-17,10:26:05,1,0,0,Red,B
5286,03-Jun-17,10:26:05,1,0,0,Red,B
5287,03-Jun-17,10:26:06,1,0,0,Red,B
5288,03-Jun-17,10:26:06,1,0,0,Red,B
5289,03-Jun-17,10:26:06,1,0,0,Red,B
5290,03-Jun-17,10:26:06,1,0,0,Red,B
5291,03-Jun-17,10:26:06,1,0,0,Red,B
5292,03-Jun-17,10:26:06,1,0,0,Red,B
5293,03-Jun-17,10:26:06,1,0,0,Red,B
5294,03-Jun-17,10:26:07,1,0,0,Red,B
5295,03-Jun-17,10:26:07,1,0,0,Red,B
5296,03-Jun-17,10:26:07,1,0,0,Red,B
5297,03-Jun-17,10:26:07,1,0,0,Red,B
5298,03-Jun-17,10:26:08,1,0,0,Red,B
5299,03-Jun-17,10:26:08,1,0,0,Red,B
5300,03-Jun-17,10:26:08,1,0,0,Red,B
5301,03-Jun-17,10:26:08,1,0,0,Red,B
5527,03-Jun-17,10:26:53,1,0,0,Red,B
5528,03-Jun-17,10:26:54,1,0,0,Red,B
5529,03-Jun-17,10:26:54,1,0,0,Red,B
5530,03-Jun-17,10:26:54,1,0,0,Red,B
5531,03-Jun-17,10:26:54,1,0,0,Red,B
5532,03-Jun-17,10:26:54,1,0,0,Red,B
5533,03-Jun-17,10:26:55,1,0,0,Red,B
5534,03-Jun-17,10:26:55,1,0,0,Red,B
5535,03-Jun-17,10:26:55,1,0,0,Red,B
5536,03-Jun-17,10:26:55,1,0,0,Red,B
5537,03-Jun-17,10:26:56,1,0,0,Red,B
5538,03-Jun-17,10:26:56,1,0,0,Red,B
5539,03-Jun-17,10:26:56,1,0,0,Red,B
5540,03-Jun-17,10:26:56,1,0,0,Red,B
5541,03-Jun-17,10:26:56,1,0,0,Red,B
5542,03-Jun-17,10:26:56,1,0,0,Red,B
5543,03-Jun-17,10:26:56,1,0,0,Red,B
5544,03-Jun-17,10:26:57,1,0,0,Red,B
5545,03-Jun-17,10:26:57,1,0,0,Red,B
5546,03-Jun-17,10:26:57,1,0,0,Red,B
5547,03-Jun-17,10:26:57,1,0,0,Red,B
5548,03-Jun-17,10:26:57,1,0,0,Red,B
5549,03-Jun-17,10:26:58,1,0,0,Red,B
5550,03-Jun-17,10:26:58,1,0,0,Red,B
5551,03-Jun-17,10:26:58,1,0,0,Red,B
5552,03-Jun-17,10:26:58,1,0,0,Red,B
5553,03-Jun-17,10:26:59,1,0,0,Red,B
5554,03-Jun-17,10:26:59,1,0,0,Red,B
5555,03-Jun-17,10:26:59,1,0,0,Red,B
5556,03-Jun-17,10:26:59,1,0,0,Red,B
5557,03-Jun-17,10:26:59,1,0,0,Red,B
5558,03-Jun-17,10:27:00,1,0,0,Red,B
5559,03-Jun-17,10:27:00,1,0,0,Red,B
5560,03-Jun-17,10:27:00,1,0,0,Red,B
5561,03-Jun-17,10:27:00,1,0,0,Red,B
5562,03-Jun-17,10:27:01,1,0,0,Red,B
5563,03-Jun-17,10:27:01,1,0,0,Red,B
5564,03-Jun-17,10:27:01,1,0,0,Red,B
5565,03-Jun-17,10:27:01,1,0,0,Red,B
5566,03-Jun-17,10:27:01,1,0,0,Red,B
5567,03-Jun-17,10:27:01,1,0,0,Red,B
5568,03-Jun-17,10:27:01,1,0,0,Red,B
5569,03-Jun-17,10:27:02,1,0,0,Red,B
5570,03-Jun-17,10:27:02,1,0,0,Red,B
5571,03-Jun-17,10:27:02,1,0,0,Red,B
5572,03-Jun-17,10:27:02,1,0,0,Red,B
5573,03-Jun-17,10:27:03,1,0,0,Red,B
5574,03-Jun-17,10:27:03,1,0,0,Red,B
5575,03-Jun-17,10:27:03,1,0,0,Red,B
5576,03-Jun-17,10:27:03,1,0,0,Red,B
5577,03-Jun-17,10:27:03,1,0,0,Red,B
5578,03-Jun-17,10:27:04,1,0,0,Red,B
5579,03-Jun-17,10:27:04,1,0,0,Red,B
5580,03-Jun-17,10:27:04,1,0,0,Red,B
5581,03-Jun-17,10:27:04,1,0,0,Red,B
5582,03-Jun-17,10:27:04,1,0,0,Red,B
5583,03-Jun-17,10:27:04,1,0,0,Red,B
5584,03-Jun-17,10:27:05,1,0,0,Red,B
5585,03-Jun-17,10:27:05,1,0,0,Red,B
5586,03-Jun-17,10:27:05,1,0,0,Red,B
5587,03-Jun-17,10:27:05,1,0,0,Red,B
5588,03-Jun-17,10:27:05,1,0,0,Red,B
5589,03-Jun-17,10:27:06,1,0,0,Red,B
5590,03-Jun-17,10:27:06,1,0,0,Red,B
5591,03-Jun-17,10:27:06,1,0,0,Red,B
5592,03-Jun-17,10:27:06,1,0,0,Red,B
5593,03-Jun-17,10:27:07,1,0,0,Red,B
5594,03-Jun-17,10:27:07,1,0,0,Red,B
5595,03-Jun-17,10:27:07,1,0,0,Red,B
5596,03-Jun-17,10:27:07,1,0,0,Red,B
5597,03-Jun-17,10:27:07,1,0,0,Red,B
5598,03-Jun-17,10:27:08,1,0,0,Red,B
5599,03-Jun-17,10:27:08,1,0,0,Red,B
5600,03-Jun-17,10:27:08,1,0,0,Red,B
5601,03-Jun-17,10:27:08,1,0,0,Red,B
5827,03-Jun-17,10:27:53,1,0,0,Red,B
5828,03-Jun-17,10:27:53,1,0,0,Red,B
5829,03-Jun-17,10:27:54,1,0,0,Red,B
5830,03-Jun-17,10:27:54,1,0,0,Red,B
5831,03-Jun-17,10:27:54,1,0,0,Red,B
5832,03-Jun-17,10:27:54,1,0,0,Red,B
5833,03-Jun-17,10:27:55,1,0,0,Red,B
5834,03-Jun-17,10:27:55,1,0,0,Red,B
5835,03-Jun-17,10:27:55,1,0,0,Red,B
5836,03-Jun-17,10:27:55,1,0,0,Red,B
5837,03-Jun-17,10:27:55,1,0,0,Red,B
5838,03-Jun-17,10:27:56,1,0,0,Red,B
5839,03-Jun-17,10:27:56,1,0,0,Red,B
5840,03-Jun-17,10:27:56,1,0,0,Red,B
5841,03-Jun-17,10:27:56,1,0,0,Red,B
5842,03-Jun-17,10:27:56,1,0,0,Red,B
5843,03-Jun-17,10:27:56,1,0,0,Red,B
5844,03-Jun-17,10:27:57,1,0,0,Red,B
5845,03-Jun-17,10:27:57,1,0,0,Red,B
5846,03-Jun-17,10:27:57,1,0,0,Red,B
5847,03-Jun-17,10:27:57,1,0,0,Red,B
5848,03-Jun-17,10:27:57,1,0,0,Red,B
5849,03-Jun-17,10:27:58,1,0,0,Red,B
5850,03-Jun-17,10:27:58,1,0,0,Red,B
5851,03-Jun-17,10:27:59,1,0,0,Red,B
5852,03-Jun-17,10:27:59,1,0,0,Red,B
5853,03-Jun-17,10:27:59,1,0,0,Red,B
5854,03-Jun-17,10:27:59,1,0,0,Red,B
5855,03-Jun-17,10:27:59,1,0,0,Red,B
5856,03-Jun-17,10:27:59,1,0,0,Red,B
5857,03-Jun-17,10:27:59,1,0,0,Red,B
5858,03-Jun-17,10:27:59,1,0,0,Red,B
5859,03-Jun-17,10:28:00,1,0,0,Red,B
5860,03-Jun-17,10:28:00,1,0,0,Red,B
5861,03-Jun-17,10:28:00,1,0,0,Red,B
5862,03-Jun-17,10:28:00,1,0,0,Red,B
5863,03-Jun-17,10:28:00,1,0,0,Red,B
5864,03-Jun-17,10:28:01,1,0,0,Red,B
5865,03-Jun-17,10:28:01,1,0,0,Red,B
5866,03-Jun-17,10:28:01,1,0,0,Red,B
5867,03-Jun-17,10:28:01,1,0,0,Red,B
5868,03-Jun-17,10:28:02,1,0,0,Red,B
5869,03-Jun-17,10:28:02,1,0,0,Red,B
5870,03-Jun-17,10:28:02,1,0,0,Red,B
5871,03-Jun-17,10:28:02,1,0,0,Red,B
5872,03-Jun-17,10:28:02,1,0,0,Red,B
5873,03-Jun-17,10:28:03,1,0,0,Red,B
5874,03-Jun-17,10:28:03,1,0,0,Red,B
5875,03-Jun-17,10:28:03,1,0,0,Red,B
5876,03-Jun-17,10:28:03,1,0,0,Red,B
5877,03-Jun-17,10:28:04,1,0,0,Red,B
5878,03-Jun-17,10:28:04,1,0,0,Red,B
5879,03-Jun-17,10:28:04,1,0,0,Red,B
5880,03-Jun-17,10:28:04,1,0,0,Red,B
5881,03-Jun-17,10:28:04,1,0,0,Red,B
5882,03-Jun-17,10:28:04,1,0,0,Red,B
5883,03-Jun-17,10:28:04,1,0,0,Red,B
5884,03-Jun-17,10:28:05,1,0,0,Red,B
5885,03-Jun-17,10:28:05,1,0,0,Red,B
5886,03-Jun-17,10:28:05,1,0,0,Red,B
5887,03-Jun-17,10:28:05,1,0,0,Red,B
5888,03-Jun-17,10:28:05,1,0,0,Red,B
5889,03-Jun-17,10:28:06,1,0,0,Red,B
5890,03-Jun-17,10:28:06,1,0,0,Red,B
5891,03-Jun-17,10:28:06,1,0,0,Red,B
5892,03-Jun-17,10:28:06,1,0,0,Red,B
5893,03-Jun-17,10:28:07,1,0,0,Red,B
5894,03-Jun-17,10:28:07,1,0,0,Red,B
5895,03-Jun-17,10:28:07,1,0,0,Red,B
5896,03-Jun-17,10:28:07,1,0,0,Red,B
5897,03-Jun-17,10:28:08,1,0,0,Red,B
5898,03-Jun-17,10:28:08,1,0,0,Red,B
5899,03-Jun-17,10:28:08,1,0,0,Red,B
5900,03-Jun-17,10:28:08,1,0,0,Red,B
5901,03-Jun-17,10:28:08,1,0,0,Red,B
6127,03-Jun-17,10:28:53,1,0,0,Red,B
6128,03-Jun-17,10:28:54,1,0,0,Red,B
6129,03-Jun-17,10:28:54,1,0,0,Red,B
6130,03-Jun-17,10:28:54,1,0,0,Red,B
6131,03-Jun-17,10:28:54,1,0,0,Red,B
6132,03-Jun-17,10:28:54,1,0,0,Red,B
6133,03-Jun-17,10:28:55,1,0,0,Red,B
6134,03-Jun-17,10:28:55,1,0,0,Red,B
6135,03-Jun-17,10:28:55,1,0,0,Red,B
6136,03-Jun-17,10:28:55,1,0,0,Red,B
6137,03-Jun-17,10:28:55,1,0,0,Red,B
6138,03-Jun-17,10:28:56,1,0,0,Red,B
6139,03-Jun-17,10:28:56,1,0,0,Red,B
6140,03-Jun-17,10:28:56,1,0,0,Red,B
6141,03-Jun-17,10:28:56,1,0,0,Red,B
6142,03-Jun-17,10:28:56,1,0,0,Red,B
6143,03-Jun-17,10:28:57,1,0,0,Red,B
6144,03-Jun-17,10:28:57,1,0,0,Red,B
6145,03-Jun-17,10:28:57,1,0,0,Red,B
6146,03-Jun-17,10:28:57,1,0,0,Red,B
6147,03-Jun-17,10:28:57,1,0,0,Red,B
6148,03-Jun-17,10:28:58,1,0,0,Red,B
6149,03-Jun-17,10:28:58,1,0,0,Red,B
6150,03-Jun-17,10:28:58,1,0,0,Red,B
6151,03-Jun-17,10:28:58,1,0,0,Red,B
6152,03-Jun-17,10:28:59,1,0,0,Red,B
6153,03-Jun-17,10:28:59,1,0,0,Red,B
6154,03-Jun-17,10:28:59,1,0,0,Red,B
6155,03-Jun-17,10:28:59,1,0,0,Red,B
6156,03-Jun-17,10:28:59,1,0,0,Red,B
6157,03-Jun-17,10:28:59,1,0,0,Red,B
6158,03-Jun-17,10:28:59,1,0,0,Red,B
6159,03-Jun-17,10:29:00,1,0,0,Red,B
6160,03-Jun-17,10:29:00,1,0,0,Red,B
6161,03-Jun-17,10:29:00,1,0,0,Red,B
6162,03-Jun-17,10:29:00,1,0,0,Red,B
6163,03-Jun-17,10:29:01,1,0,0,Red,B
6164,03-Jun-17,10:29:01,1,0,0,Red,B
6165,03-Jun-17,10:29:01,1,0,0,Red,B
6166,03-Jun-17,10:29:01,1,0,0,Red,B
6167,03-Jun-17,10:29:01,1,0,0,Red,B
6168,03-Jun-17,10:29:02,1,0,0,Red,B
6169,03-Jun-17,10:29:02,1,0,0,Red,B
6170,03-Jun-17,10:29:02,1,0,0,Red,B
6171,03-Jun-17,10:29:02,1,0,0,Red,B
6172,03-Jun-17,10:29:03,1,0,0,Red,B
6173,03-Jun-17,10:29:03,1,0,0,Red,B
6174,03-Jun-17,10:29:03,1,0,0,Red,B
6175,03-Jun-17,10:29:03,1,0,0,Red,B
6176,03-Jun-17,10:29:03,1,0,0,Red,B
6177,03-Jun-17,10:29:03,1,0,0,Red,B
6178,03-Jun-17,10:29:03,1,0,0,Red,B
6179,03-Jun-17,10:29:04,1,0,0,Red,B
6180,03-Jun-17,10:29:04,1,0,0,Red,B
6181,03-Jun-17,10:29:04,1,0,0,Red,B
6182,03-Jun-17,10:29:04,1,0,0,Red,B
6183,03-Jun-17,10:29:04,1,0,0,Red,B
6184,03-Jun-17,10:29:05,1,0,0,Red,B
6185,03-Jun-17,10:29:05,1,0,0,Red,B
6186,03-Jun-17,10:29:05,1,0,0,Red,B
6187,03-Jun-17,10:29:05,1,0,0,Red,B
6188,03-Jun-17,10:29:06,1,0,0,Red,B
6189,03-Jun-17,10:29:06,1,0,0,Red,B
6190,03-Jun-17,10:29:06,1,0,0,Red,B
6191,03-Jun-17,10:29:06,1,0,0,Red,B
6192,03-Jun-17,10:29:06,1,0,0,Red,B
6193,03-Jun-17,10:29:07,1,0,0,Red,B
6194,03-Jun-17,10:29:07,1,0,0,Red,B
6195,03-Jun-17,10:29:07,1,0,0,Red,B
6196,03-Jun-17,10:29:07,1,0,0,Red,B
6197,03-Jun-17,10:29:08,1,0,0,Red,B
6198,03-Jun-17,10:29:08,1,0,0,Red,B
6199,03-Jun-17,10:29:08,1,0,0,Red,B
6200,03-Jun-17,10:29:08,1,0,0,Red,B
6201,03-Jun-17,10:29:08,1,0,0,Red,B
6427,03-Jun-17,10:29:53,1,0,0,Red,B
6428,03-Jun-17,10:29:53,1,0,0,Red,B
6429,03-Jun-17,10:29:54,1,0,0,Red,B
6430,03-Jun-17,10:29:54,1,0,0,Red,B
6431,03-Jun-17,10:29:54,1,0,0,Red,B
6432,03-Jun-17,10:29:54,1,0,0,Red,B
6433,03-Jun-17,10:29:54,1,0,0,Red,B
6434,03-Jun-17,10:29:55,1,0,0,Red,B
6435,03-Jun-17,10:29:55,1,0,0,Red,B
6436,03-Jun-17,10:29:55,1,0,0,Red,B
6437,03-Jun-17,10:29:55,1,0,0,Red,B
6438,03-Jun-17,10:29:56,1,0,0,Red,B
6439,03-Jun-17,10:29:56,1,0,0,Red,B
6440,03-Jun-17,10:29:56,1,0,0,Red,B
6441,03-Jun-17,10:29:56,1,0,0,Red,B
6442,03-Jun-17,10:29:56,1,0,0,Red,B
6443,03-Jun-17,10:29:57,1,0,0,Red,B
6444,03-Jun-17,10:29:57,1,0,0,Red,B
6445,03-Jun-17,10:29:57,1,0,0,Red,B
6446,03-Jun-17,10:29:57,1,0,0,Red,B
6447,03-Jun-17,10:29:58,1,0,0,Red,B
6448,03-Jun-17,10:29:58,1,0,0,Red,B
6449,03-Jun-17,10:29:58,1,0,0,Red,B
6450,03-Jun-17,10:29:58,1,0,0,Red,B
6451,03-Jun-17,10:29:58,1,0,0,Red,B
6452,03-Jun-17,10:29:58,1,0,0,Red,B
6453,03-Jun-17,10:29:58,1,0,0,Red,B
6454,03-Jun-17,10:29:59,1,0,0,Red,B
6455,03-Jun-17,10:29:59,1,0,0,Red,B
6456,03-Jun-17,10:29:59,1,0,0,Red,B
6457,03-Jun-17,10:29:59,1,0,0,Red,B
6458,03-Jun-17,10:30:00,1,0,0,Red,B
6459,03-Jun-17,10:30:00,1,0,0,Red,B
6460,03-Jun-17,10:30:00,1,0,0,Red,B
6461,03-Jun-17,10:30:00,1,0,0,Red,B
6462,03-Jun-17,10:30:00,1,0,0,Red,B
6463,03-Jun-17,10:30:01,1,0,0,Red,B
6464,03-Jun-17,10:30:01,1,0,0,Red,B
6465,03-Jun-17,10:30:01,1,0,0,Red,B
6466,03-Jun-17,10:30:01,1,0,0,Red,B
6467,03-Jun-17,10:30:02,1,0,0,Red,B
6468,03-Jun-17,10:30:02,1,0,0,Red,B
6469,03-Jun-17,10:30:02,1,0,0,Red,B
6470,03-Jun-17,10:30:02,1,0,0,Red,B
6471,03-Jun-17,10:30:02,1,0,0,Red,B
6472,03-Jun-17,10:30:02,1,0,0,Red,B
6473,03-Jun-17,10:30:02,1,0,0,Red,B
6474,03-Jun-17,10:30:03,1,0,0,Red,B
6475,03-Jun-17,10:30:03,1,0,0,Red,B
6476,03-Jun-17,10:30:03,1,0,0,Red,B
6477,03-Jun-17,10:30:03,1,0,0,Red,B
6478,03-Jun-17,10:30:04,1,0,0,Red,B
6479,03-Jun-17,10:30:04,1,0,0,Red,B
6480,03-Jun-17,10:30:04,1,0,0,Red,B
6481,03-Jun-17,10:30:04,1,0,0,Red,B
6482,03-Jun-17,10:30:04,1,0,0,Red,B
6483,03-Jun-17,10:30:05,1,0,0,Red,B
6484,03-Jun-17,10:30:05,1,0,0,Red,B
6485,03-Jun-17,10:30:05,1,0,0,Red,B
6486,03-Jun-17,10:30:05,1,0,0,Red,B
6487,03-Jun-17,10:30:06,1,0,0,Red,B
6488,03-Jun-17,10:30:06,1,0,0,Red,B
6489,03-Jun-17,10:30:06,1,0,0,Red,B
6490,03-Jun-17,10:30:06,1,0,0,Red,B
6491,03-Jun-17,10:30:06,1,0,0,Red,B
6492,03-Jun-17,10:30:06,1,0,0,Red,B
6493,03-Jun-17,10:30:06,1,0,0,Red,B
6494,03-Jun-17,10:30:07,1,0,0,Red,B
6495,03-Jun-17,10:30:07,1,0,0,Red,B
6496,03-Jun-17,10:30:07,1,0,0,Red,B
6497,03-Jun-17,10:30:07,1,0,0,Red,B
6498,03-Jun-17,10:30:08,1,0,0,Red,B
6499,03-Jun-17,10:30:08,1,0,0,Red,B
6500,03-Jun-17,10:30:08,1,0,0,Red,B
6501,03-Jun-17,10:30:08,1,0,0,Red,B
6727,03-Jun-17,10:30:53,1,0,0,Red,B
6728,03-Jun-17,10:30:53,1,0,0,Red,B
6729,03-Jun-17,10:30:54,1,0,0,Red,B
6730,03-Jun-17,10:30:54,1,0,0,Red,B
6731,03-Jun-17,10:30:54,1,0,0,Red,B
6732,03-Jun-17,10:30:54,1,0,0,Red,B
6733,03-Jun-17,10:30:55,1,0,0,Red,B
6734,03-Jun-17,10:30:55,1,0,0,Red,B
6735,03-Jun-17,10:30:55,1,0,0,Red,B
6736,03-Jun-17,10:30:55,1,0,0,Red,B
6737,03-Jun-17,10:30:55,1,0,0,Red,B
6738,03-Jun-17,10:30:56,1,0,0,Red,B
6739,03-Jun-17,10:30:56,1,0,0,Red,B
6740,03-Jun-17,10:30:56,1,0,0,Red,B
6741,03-Jun-17,10:30:56,1,0,0,Red,B
6742,03-Jun-17,10:30:57,1,0,0,Red,B
6743,03-Jun-17,10:30:57,1,0,0,Red,B
6744,03-Jun-17,10:30:57,1,0,0,Red,B
6745,03-Jun-17,10:30:57,1,0,0,Red,B
6746,03-Jun-17,10:30:57,1,0,0,Red,B
6747,03-Jun-17,10:30:57,1,0,0,Red,B
6748,03-Jun-17,10:30:57,1,0,0,Red,B
6749,03-Jun-17,10:30:58,1,0,0,Red,B
6750,03-Jun-17,10:30:58,1,0,0,Red,B
6751,03-Jun-17,10:30:58,1,0,0,Red,B
6752,03-Jun-17,10:30:58,1,0,0,Red,B
6753,03-Jun-17,10:30:59,1,0,0,Red,B
6754,03-Jun-17,10:30:59,1,0,0,Red,B
6755,03-Jun-17,10:30:59,1,0,0,Red,B
6756,03-Jun-17,10:30:59,1,0,0,Red,B
6757,03-Jun-17,10:30:59,1,0,0,Red,B
6758,03-Jun-17,10:31:00,1,0,0,Red,B
6759,03-Jun-17,10:31:00,1,0,0,Red,B
6760,03-Jun-17,10:31:00,1,0,0,Red,B
6761,03-Jun-17,10:31:00,1,0,0,Red,B
6762,03-Jun-17,10:31:01,1,0,0,Red,B
6763,03-Jun-17,10:31:01,1,0,0,Red,B
6764,03-Jun-17,10:31:01,1,0,0,Red,B
6765,03-Jun-17,10:31:01,1,0,0,Red,B
6766,03-Jun-17,10:31:01,1,0,0,Red,B
6767,03-Jun-17,10:31:01,1,0,0,Red,B
6768,03-Jun-17,10:31:01,1,0,0,Red,B
6769,03-Jun-17,10:31:02,1,0,0,Red,B
6770,03-Jun-17,10:31:02,1,0,0,Red,B
6771,03-Jun-17,10:31:02,1,0,0,Red,B
6772,03-Jun-17,10:31:02,1,0,0,Red,B
6773,03-Jun-17,10:31:03,1,0,0,Red,B
6774,03-Jun-17,10:31:03,1,0,0,Red,B
6775,03-Jun-17,10:31:03,1,0,0,Red,B
6776,03-Jun-17,10:31:03,1,0,0,Red,B
6777,03-Jun-17,10:31:03,1,0,0,Red,B
6778,03-Jun-17,10:31:04,1,0,0,Red,B
6779,03-Jun-17,10:31:04,1,0,0,Red,B
6780,03-Jun-17,10:31:04,1,0,0,Red,B
6781,03-Jun-17,10:31:04,1,0,0,Red,B
6782,03-Jun-17,10:31:05,1,0,0,Red,B
6783,03-Jun-17,10:31:05,1,0,0,Red,B
6784,03-Jun-17,10:31:05,1,0,0,Red,B
6785,03-Jun-17,10:31:05,1,0,0,Red,B
6786,03-Jun-17,10:31:05,1,0,0,Red,B
6787,03-Jun-17,10:31:05,1,0,0,Red,B
6788,03-Jun-17,10:31:05,1,0,0,Red,B
6789,03-Jun-17,10:31:06,1,0,0,Red,B
6790,03-Jun-17,10:31:06,1,0,0,Red,B
6791,03-Jun-17,10:31:06,1,0,0,Red,B
6792,03-Jun-17,10:31:06,1,0,0,Red,B
6793,03-Jun-17,10:31:07,1,0,0,Red,B
6794,03-Jun-17,10:31:07,1,0,0,Red,B
6795,03-Jun-17,10:31:07,1,0,0,Red,B
6796,03-Jun-17,10:31:07,1,0,0,Red,B
6797,03-Jun-17,10:31:07,1,0,0,Red,B
6798,03-Jun-17,10:31:08,1,0,0,Red,B
6799,03-Jun-17,10:31:08,1,0,0,Red,B
6800,03-Jun-17,10:31:08,1,0,0,Red,B
6801,03-Jun-17,10:31:08,1,0,0,Red,B
7027,03-Jun-17,10:31:54,1,0,0,Red,B
7028,03-Jun-17,10:31:54,1,0,0,Red,B
7029,03-Jun-17,10:31:54,1,0,0,Red,B
7030,03-Jun-17,10:31:54,1,0,0,Red,B
7031,03-Jun-17,10:31:54,1,0,0,Red,B
7032,03-Jun-17,10:31:55,1,0,0,Red,B
7033,03-Jun-17,10:31:55,1,0,0,Red,B
7034,03-Jun-17,10:31:55,1,0,0,Red,B
7035,03-Jun-17,10:31:55,1,0,0,Red,B
7036,03-Jun-17,10:31:55,1,0,0,Red,B
7037,03-Jun-17,10:31:56,1,0,0,Red,B
7038,03-Jun-17,10:31:56,1,0,0,Red,B
7039,03-Jun-17,10:31:56,1,0,0,Red,B
7040,03-Jun-17,10:31:56,1,0,0,Red,B
7041,03-Jun-17,10:31:56,1,0,0,Red,B
7042,03-Jun-17,10:31:56,1,0,0,Red,B
7043,03-Jun-17,10:31:56,1,0,0,Red,B
7044,03-Jun-17,10:31:57,1,0,0,Red,B
7045,03-Jun-17,10:31:57,1,0,0,Red,B
7046,03-Jun-17,10:31:57,1,0,0,Red,B
7047,03-Jun-17,10:31:57,1,0,0,Red,B
7048,03-Jun-17,10:31:58,1,0,0,Red,B
7049,03-Jun-17,10:31:58,1,0,0,Red,B
7050,03-Jun-17,10:31:58,1,0,0,Red,B
7051,03-Jun-17,10:31:58,1,0,0,Red,B
7052,03-Jun-17,10:31:59,1,0,0,Red,B
7053,03-Jun-17,10:31:59,1,0,0,Red,B
7054,03-Jun-17,10:31:59,1,0,0,Red,B
7055,03-Jun-17,10:31:59,1,0,0,Red,B
7056,03-Jun-17,10:31:59,1,0,0,Red,B
7057,03-Jun-17,10:31:59,1,0,0,Red,B
7058,03-Jun-17,10:31:59,1,0,0,Red,B
7059,03-Jun-17,10:32:00,1,0,0,Red,B
7060,03-Jun-17,10:32:00,1,0,0,Red,B
7061,03-Jun-17,10:32:01,1,0,0,Red,B
7062,03-Jun-17,10:32:01,1,0,0,Red,B
7063,03-Jun-17,10:32:01,1,0,0,Red,B
7064,03-Jun-17,10:32:01,1,0,0,Red,B
7065,03-Jun-17,10:32:01,1,0,0,Red,B
7066,03-Jun-17,10:32:01,1,0,0,Red,B
7067,03-Jun-17,10:32:01,1,0,0,Red,B
7068,03-Jun-17,10:32:02,1,0,0,Red,B
7069,03-Jun-17,10:32:02,1,0,0,Red,B
7070,03-Jun-17,10:32:02,1,0,0,Red,B
7071,03-Jun-17,10:32:02,1,0,0,Red,B
7072,03-Jun-17,10:32:02,1,0,0,Red,B
7073,03-Jun-17,10:32:03,1,0,0,Red,B
7074,03-Jun-17,10:32:03,1,0,0,Red,B
7075,03-Jun-17,10:32:03,1,0,0,Red,B
7076,03-Jun-17,10:32:03,1,0,0,Red,B
7077,03-Jun-17,10:32:04,1,0,0,Red,B
7078,03-Jun-17,10:32:04,1,0,0,Red,B
7079,03-Jun-17,10:32:04,1,0,0,Red,B
7080,03-Jun-17,10:32:04,1,0,0,Red,B
7081,03-Jun-17,10:32:04,1,0,0,Red,B
7082,03-Jun-17,10:32:05,1,0,0,Red,B
7083,03-Jun-17,10:32:05,1,0,0,Red,B
7084,03-Jun-17,10:32:05,1,0,0,Red,B
7085,03-Jun-17,10:32:05,1,0,0,Red,B
7086,03-Jun-17,10:32:06,1,0,0,Red,B
7087,03-Jun-17,10:32:06,1,0,0,Red,B
7088,03-Jun-17,10:32:06,1,0,0,Red,B
7089,03-Jun-17,10:32:06,1,0,0,Red,B
7090,03-Jun-17,10:32:06,1,0,0,Red,B
7091,03-Jun-17,10:32:06,1,0,0,Red,B
7092,03-Jun-17,10:32:06,1,0,0,Red,B
7093,03-Jun-17,10:32:06,1,0,0,Red,B
7094,03-Jun-17,10:32:07,1,0,0,Red,B
7095,03-Jun-17,10:32:07,1,0,0,Red,B
7096,03-Jun-17,10:32:07,1,0,0,Red,B
7097,03-Jun-17,10:32:07,1,0,0,Red,B
7098,03-Jun-17,10:32:07,1,0,0,Red,B
7099,03-Jun-17,10:32:08,1,0,0,Red,B
7100,03-Jun-17,10:32:08,1,0,0,Red,B
7101,03-Jun-17,10:32:08,1,0,0,Red,B
7327,03-Jun-17,10:32:53,1,0,0,Red,B
7328,03-Jun-17,10:32:54,1,0,0,Red,B
7329,03-Jun-17,10:32:54,1,0,0,Red,B
7330,03-Jun-17,10:32:54,1,0,0,Red,B
7331,03-Jun-17,10:32:54,1,0,0,Red,B
7332,03-Jun-17,10:32:55,1,0,0,Red,B
7333,03-Jun-17,10:32:55,1,0,0,Red,B
7334,03-Jun-17,10:32:55,1,0,0,Red,B
7335,03-Jun-17,10:32:55,1,0,0,Red,B
7336,03-Jun-17,10:32:55,1,0,0,Red,B
7337,03-Jun-17,10:32:55,1,0,0,Red,B
7338,03-Jun-17,10:32:55,1,0,0,Red,B
7339,03-Jun-17,10:32:56,1,0,0,Red,B
7340,03-Jun-17,10:32:56,1,0,0,Red,B
7341,03-Jun-17,10:32:56,1,0,0,Red,B
7342,03-Jun-17,10:32:56,1,0,0,Red,B
7343,03-Jun-17,10:32:57,1,0,0,Red,B
7344,03-Jun-17,10:32:57,1,0,0,Red,B
7345,03-Jun-17,10:32:57,1,0,0,Red,B
7346,03-Jun-17,10:32:57,1,0,0,Red,B
7347,03-Jun-17,10:32:57,1,0,0,Red,B
7348,03-Jun-17,10:32:58,1,0,0,Red,B
7349,03-Jun-17,10:32:58,1,0,0,Red,B
7350,03-Jun-17,10:32:58,1,0,0,Red,B
7351,03-Jun-17,10:32:58,1,0,0,Red,B
7352,03-Jun-17,10:32:59,1,0,0,Red,B
7353,03-Jun-17,10:32:59,1,0,0,Red,B
7354,03-Jun-17,10:32:59,1,0,0,Red,B
7355,03-Jun-17,10:32:59,1,0,0,Red,B
7356,03-Jun-17,10:32:59,1,0,0,Red,B
7357,03-Jun-17,10:33:00,1,0,0,Red,B
7358,03-Jun-17,10:33:00,1,0,0,Red,B
7359,03-Jun-17,10:33:00,1,0,0,Red,B
7360,03-Jun-17,10:33:00,1,0,0,Red,B
7361,03-Jun-17,10:33:00,1,0,0,Red,B
7362,03-Jun-17,10:33:00,1,0,0,Red,B
7363,03-Jun-17,10:33:00,1,0,0,Red,B
7364,03-Jun-17,10:33:01,1,0,0,Red,B
7365,03-Jun-17,10:33:01,1,0,0,Red,B
7366,03-Jun-17,10:33:01,1,0,0,Red,B
7367,03-Jun-17,10:33:01,1,0,0,Red,B
7368,03-Jun-17,10:33:02,1,0,0,Red,B
7369,03-Jun-17,10:33:02,1,0,0,Red,B
7370,03-Jun-17,10:33:02,1,0,0,Red,B
7371,03-Jun-17,10:33:02,1,0,0,Red,B
7372,03-Jun-17,10:33:02,1,0,0,Red,B
7373,03-Jun-17,10:33:03,1,0,0,Red,B
7374,03-Jun-17,10:33:03,1,0,0,Red,B
7375,03-Jun-17,10:33:03,1,0,0,Red,B
7376,03-Jun-17,10:33:03,1,0,0,Red,B
7377,03-Jun-17,10:33:04,1,0,0,Red,B
7378,03-Jun-17,10:33:04,1,0,0,Red,B
7379,03-Jun-17,10:33:04,1,0,0,Red,B
7380,03-Jun-17,10:33:04,1,0,0,Red,B
7381,03-Jun-17,10:33:04,1,0,0,Red,B
7382,03-Jun-17,10:33:04,1,0,0,Red,B
7383,03-Jun-17,10:33:04,1,0,0,Red,B
7384,03-Jun-17,10:33:05,1,0,0,Red,B
7385,03-Jun-17,10:33:05,1,0,0,Red,B
7386,03-Jun-17,10:33:05,1,0,0,Red,B
7387,03-Jun-17,10:33:05,1,0,0,Red,B
7388,03-Jun-17,10:33:06,1,0,0,Red,B
7389,03-Jun-17,10:33:06,1,0,0,Red,B
7390,03-Jun-17,10:33:06,1,0,0,Red,B
7391,03-Jun-17,10:33:06,1,0,0,Red,B
7392,03-Jun-17,10:33:06,1,0,0,Red,B
7393,03-Jun-17,10:33:07,1,0,0,Red,B
7394,03-Jun-17,10:33:07,1,0,0,Red,B
7395,03-Jun-17,10:33:07,1,0,0,Red,B
7396,03-Jun-17,10:33:07,1,0,0,Red,B
7397,03-Jun-17,10:33:08,1,0,0,Red,B
7398,03-Jun-17,10:33:08,1,0,0,Red,B
7399,03-Jun-17,10:33:08,1,0,0,Red,B
7400,03-Jun-17,10:33:08,1,0,0,Red,B
7401,03-Jun-17,10:33:08,1,0,0,Red,B
7627,03-Jun-17,10:33:54,1,0,0,Red,B
7628,03-Jun-17,10:33:54,1,0,0,Red,B
7629,03-Jun-17,10:33:54,1,0,0,Red,B
7630,03-Jun-17,10:33:54,1,0,0,Red,B
7631,03-Jun-17,10:33:54,1,0,0,Red,B
7632,03-Jun-17,10:33:55,1,0,0,Red,B
7633,03-Jun-17,10:33:55,1,0,0,Red,B
7634,03-Jun-17,10:33:55,1,0,0,Red,B
7635,03-Jun-17,10:33:55,1,0,0,Red,B
7636,03-Jun-17,10:33:55,1,0,0,Red,B
7637,03-Jun-17,10:33:55,1,0,0,Red,B
7638,03-Jun-17,10:33:55,1,0,0,Red,B
7639,03-Jun-17,10:33:56,1,0,0,Red,B
7640,03-Jun-17,10:33:56,1,0,0,Red,B
7641,03-Jun-17,10:33:56,1,0,0,Red,B
7642,03-Jun-17,10:33:56,1,0,0,Red,B
7643,03-Jun-17,10:33:57,1,0,0,Red,B
7644,03-Jun-17,10:33:57,1,0,0,Red,B
7645,03-Jun-17,10:33:57,1,0,0,Red,B
7646,03-Jun-17,10:33:57,1,0,0,Red,B
7647,03-Jun-17,10:33:57,1,0,0,Red,B
7648,03-Jun-17,10:33:58,1,0,0,Red,B
7649,03-Jun-17,10:33:58,1,0,0,Red,B
7650,03-Jun-17,10:33:58,1,0,0,Red,B
7651,03-Jun-17,10:33:58,1,0,0,Red,B
7652,03-Jun-17,10:33:59,1,0,0,Red,B
7653,03-Jun-17,10:33:59,1,0,0,Red,B
7654,03-Jun-17,10:33:59,1,0,0,Red,B
7655,03-Jun-17,10:33:59,1,0,0,Red,B
7656,03-Jun-17,10:33:59,1,0,0,Red,B
7657,03-Jun-17,10:33:59,1,0,0,Red,B
7658,03-Jun-17,10:33:59,1,0,0,Red,B
7659,03-Jun-17,10:34:00,1,0,0,Red,B
7660,03-Jun-17,10:34:00,1,0,0,Red,B
7661,03-Jun-17,10:34:00,1,0,0,Red,B
7662,03-Jun-17,10:34:00,1,0,0,Red,B
7663,03-Jun-17,10:34:01,1,0,0,Red,B
7664,03-Jun-17,10:34:01,1,0,0,Red,B
7665,03-Jun-17,10:34:01,1,0,0,Red,B
7666,03-Jun-17,10:34:01,1,0,0,Red,B
7667,03-Jun-17,10:34:01,1,0,0,Red,B
7668,03-Jun-17,10:34:02,1,0,0,Red,B
7669,03-Jun-17,10:34:02,1,0,0,Red,B
7670,03-Jun-17,10:34:02,1,0,0,Red,B
7671,03-Jun-17,10:34:02,1,0,0,Red,B
7672,03-Jun-17,10:34:03,1,0,0,Red,B
7673,03-Jun-17,10:34:03,1,0,0,Red,B
7674,03-Jun-17,10:34:03,1,0,0,Red,B
7675,03-Jun-17,10:34:03,1,0,0,Red,B
7676,03-Jun-17,10:34:03,1,0,0,Red,B
7677,03-Jun-17,10:34:03,1,0,0,Red,B
7678,03-Jun-17,10:34:03,1,0,0,Red,B
7679,03-Jun-17,10:34:04,1,0,0,Red,B
7680,03-Jun-17,10:34:04,1,0,0,Red,B
7681,03-Jun-17,10:34:04,1,0,0,Red,B
7682,03-Jun-17,10:34:04,1,0,0,Red,B
7683,03-Jun-17,10:34:05,1,0,0,Red,B
7684,03-Jun-17,10:34:05,1,0,0,Red,B
7685,03-Jun-17,10:34:05,1,0,0,Red,B
7686,03-Jun-17,10:34:05,1,0,0,Red,B
7687,03-Jun-17,10:34:05,1,0,0,Red,B
7688,03-Jun-17,10:34:06,1,0,0,Red,B
7689,03-Jun-17,10:34:06,1,0,0,Red,B
7690,03-Jun-17,10:34:06,1,0,0,Red,B
7691,03-Jun-17,10:34:06,1,0,0,Red,B
7692,03-Jun-17,10:34:07,1,0,0,Red,B
7693,03-Jun-17,10:34:07,1,0,0,Red,B
7694,03-Jun-17,10:34:07,1,0,0,Red,B
7695,03-Jun-17,10:34:07,1,0,0,Red,B
7696,03-Jun-17,10:34:07,1,0,0,Red,B
7697,03-Jun-17,10:34:08,1,0,0,Red,B
7698,03-Jun-17,10:34:08,1,0,0,Red,B
7699,03-Jun-17,10:34:08,1,0,0,Red,B
7700,03-Jun-17,10:34:08,1,0,0,Red,B
7701,03-Jun-17,10:34:08,1,0,0,Red,B
7927,03-Jun-17,10:34:54,1,0,0,Red,B
7928,03-Jun-17,10:34:54,1,0,0,Red,B
7929,03-Jun-17,10:34:54,1,0,0,Red,B
7930,03-Jun-17,10:34:54,1,0,0,Red,B
7931,03-Jun-17,10:34:54,1,0,0,Red,B
7932,03-Jun-17,10:34:54,1,0,0,Red,B
7933,03-Jun-17,10:34:54,1,0,0,Red,B
7934,03-Jun-17,10:34:55,1,0,0,Red,B
7935,03-Jun-17,10:34:55,1,0,0,Red,B
7936,03-Jun-17,10:34:55,1,0,0,Red,B
7937,03-Jun-17,10:34:55,1,0,0,Red,B
7938,03-Jun-17,10:34:56,1,0,0,Red,B
7939,03-Jun-17,10:34:56,1,0,0,Red,B
7940,03-Jun-17,10:34:56,1,0,0,Red,B
7941,03-Jun-17,10:34:56,1,0,0,Red,B
7942,03-Jun-17,10:34:56,1,0,0,Red,B
7943,03-Jun-17,10:34:57,1,0,0,Red,B
7944,03-Jun-17,10:34:57,1,0,0,Red,B
7945,03-Jun-17,10:34:57,1,0,0,Red,B
7946,03-Jun-17,10:34:57,1,0,0,Red,B
7947,03-Jun-17,10:34:58,1,0,0,Red,B
7948,03-Jun-17,10:34:58,1,0,0,Red,B
7949,03-Jun-17,10:34:58,1,0,0,Red,B
7950,03-Jun-17,10:34:58,1,0,0,Red,B
7951,03-Jun-17,10:34:58,1,0,0,Red,B
7952,03-Jun-17,10:34:58,1,0,0,Red,B
7953,03-Jun-17,10:34:58,1,0,0,Red,B
7954,03-Jun-17,10:34:59,1,0,0,Red,B
7955,03-Jun-17,10:34:59,1,0,0,Red,B
7956,03-Jun-17,10:34:59,1,0,0,Red,B
7957,03-Jun-17,10:34:59,1,0,0,Red,B
7958,03-Jun-17,10:35:00,1,0,0,Red,B
7959,03-Jun-17,10:35:00,1,0,0,Red,B
7960,03-Jun-17,10:35:00,1,0,0,Red,B
7961,03-Jun-17,10:35:00,1,0,0,Red,B
7962,03-Jun-17,10:35:00,1,0,0,Red,B
7963,03-Jun-17,10:35:01,1,0,0,Red,B
7964,03-Jun-17,10:35:01,1,0,0,Red,B
7965,03-Jun-17,10:35:01,1,0,0,Red,B
7966,03-Jun-17,10:35:01,1,0,0,Red,B
7967,03-Jun-17,10:35:02,1,0,0,Red,B
7968,03-Jun-17,10:35:02,1,0,0,Red,B
7969,03-Jun-17,10:35:02,1,0,0,Red,B
7970,03-Jun-17,10:35:02,1,0,0,Red,B
7971,03-Jun-17,10:35:02,1,0,0,Red,B
7972,03-Jun-17,10:35:02,1,0,0,Red,B
7973,03-Jun-17,10:35:03,1,0,0,Red,B
7974,03-Jun-17,10:35:03,1,0,0,Red,B
7975,03-Jun-17,10:35:03,1,0,0,Red,B
7976,03-Jun-17,10:35:03,1,0,0,Red,B
7977,03-Jun-17,10:35:03,1,0,0,Red,B
7978,03-Jun-17,10:35:04,1,0,0,Red,B
7979,03-Jun-17,10:35:04,1,0,0,Red,B
7980,03-Jun-17,10:35:04,1,0,0,Red,B
7981,03-Jun-17,10:35:04,1,0,0,Red,B
7982,03-Jun-17,10:35:05,1,0,0,Red,B
7983,03-Jun-17,10:35:05,1,0,0,Red,B
7984,03-Jun-17,10:35:05,1,0,0,Red,B
7985,03-Jun-17,10:35:05,1,0,0,Red,B
7986,03-Jun-17,10:35:05,1,0,0,Red,B
7987,03-Jun-17,10:35:06,1,0,0,Red,B
7988,03-Jun-17,10:35:06,1,0,0,Red,B
7989,03-Jun-17,10:35:06,1,0,0,Red,B
7990,03-Jun-17,10:35:06,1,0,0,Red,B
7991,03-Jun-17,10:35:06,1,0,0,Red,B
7992,03-Jun-17,10:35:06,1,0,0,Red,B
7993,03-Jun-17,10:35:06,1,0,0,Red,B
7994,03-Jun-17,10:35:07,1,0,0,Red,B
7995,03-Jun-17,10:35:07,1,0,0,Red,B
7996,03-Jun-17,10:35:07,1,0,0,Red,B
7997,03-Jun-17,10:35:07,1,0,0,Red,B
7998,03-Jun-17,10:35:08,1,0,0,Red,B
7999,03-Jun-17,10:35:08,1,0,0,Red,B
8000,03-Jun-17,10:35:08,1,0,0,Red,B
8001,03-Jun-17,10:35:08,1,0,0,Red,B
8227,03-Jun-17,10:35:53,1,0,0,Red,B
8228,03-Jun-17,10:35:54,1,0,0,Red,B
8229,03-Jun-17,10:35:54,1,0,0,Red,B
8230,03-Jun-17,10:35:54,1,0,0,Red,B
8231,03-Jun-17,10:35:54,1,0,0,Red,B
8232,03-Jun-17,10:35:55,1,0,0,Red,B
8233,03-Jun-17,10:35:55,1,0,0,Red,B
8234,03-Jun-17,10:35:55,1,0,0,Red,B
8235,03-Jun-17,10:35:55,1,0,0,Red,B
8236,03-Jun-17,10:35:55,1,0,0,Red,B
8237,03-Jun-17,10:35:56,1,0,0,Red,B
8238,03-Jun-17,10:35:56,1,0,0,Red,B
8239,03-Jun-17,10:35:56,1,0,0,Red,B
8240,03-Jun-17,10:35:56,1,0,0,Red,B
8241,03-Jun-17,10:35:56,1,0,0,Red,B
8242,03-Jun-17,10:35:56,1,0,0,Red,B
8243,03-Jun-17,10:35:56,1,0,0,Red,B
8244,03-Jun-17,10:35:57,1,0,0,Red,B
8245,03-Jun-17,10:35:57,1,0,0,Red,B
8246,03-Jun-17,10:35:57,1,0,0,Red,B
8247,03-Jun-17,10:35:57,1,0,0,Red,B
8248,03-Jun-17,10:35:58,1,0,0,Red,B
8249,03-Jun-17,10:35:58,1,0,0,Red,B
8250,03-Jun-17,10:35:58,1,0,0,Red,B
8251,03-Jun-17,10:35:58,1,0,0,Red,B
8252,03-Jun-17,10:35:58,1,0,0,Red,B
8253,03-Jun-17,10:35:59,1,0,0,Red,B
8254,03-Jun-17,10:35:59,1,0,0,Red,B
8255,03-Jun-17,10:35:59,1,0,0,Red,B
8256,03-Jun-17,10:35:59,1,0,0,Red,B
8257,03-Jun-17,10:36:00,1,0,0,Red,B
8258,03-Jun-17,10:36:00,1,0,0,Red,B
8259,03-Jun-17,10:36:00,1,0,0,Red,B
8260,03-Jun-17,10:36:00,1,0,0,Red,B
8261,03-Jun-17,10:36:00,1,0,0,Red,B
8262,03-Jun-17,10:36:00,1,0,0,Red,B
8263,03-Jun-17,10:36:00,1,0,0,Red,B
8264,03-Jun-17,10:36:01,1,0,0,Red,B
8265,03-Jun-17,10:36:01,1,0,0,Red,B
8266,03-Jun-17,10:36:01,1,0,0,Red,B
8267,03-Jun-17,10:36:01,1,0,0,Red,B
8268,03-Jun-17,10:36:02,1,0,0,Red,B
8269,03-Jun-17,10:36:02,1,0,0,Red,B
8270,03-Jun-17,10:36:02,1,0,0,Red,B
8271,03-Jun-17,10:36:02,1,0,0,Red,B
8272,03-Jun-17,10:36:02,1,0,0,Red,B
8273,03-Jun-17,10:36:03,1,0,0,Red,B
8274,03-Jun-17,10:36:03,1,0,0,Red,B
8275,03-Jun-17,10:36:03,1,0,0,Red,B
8276,03-Jun-17,10:36:03,1,0,0,Red,B
8277,03-Jun-17,10:36:04,1,0,0,Red,B
8278,03-Jun-17,10:36:04,1,0,0,Red,B
8279,03-Jun-17,10:36:04,1,0,0,Red,B
8280,03-Jun-17,10:36:04,1,0,0,Red,B
8281,03-Jun-17,10:36:04,1,0,0,Red,B
8282,03-Jun-17,10:36:05,1,0,0,Red,B
8283,03-Jun-17,10:36:05,1,0,0,Red,B
8284,03-Jun-17,10:36:05,1,0,0,Red,B
8285,03-Jun-17,10:36:05,1,0,0,Red,B
8286,03-Jun-17,10:36:05,1,0,0,Red,B
8287,03-Jun-17,10:36:05,1,0,0,Red,B
8288,03-Jun-17,10:36:05,1,0,0,Red,B
8289,03-Jun-17,10:36:06,1,0,0,Red,B
8290,03-Jun-17,10:36:06,1,0,0,Red,B
8291,03-Jun-17,10:36:06,1,0,0,Red,B
8292,03-Jun-17,10:36:06,1,0,0,Red,B
8293,03-Jun-17,10:36:07,1,0,0,Red,B
8294,03-Jun-17,10:36:07,1,0,0,Red,B
8295,03-Jun-17,10:36:07,1,0,0,Red,B
8296,03-Jun-17,10:36:07,1,0,0,Red,B
8297,03-Jun-17,10:36:08,1,0,0,Red,B
8298,03-Jun-17,10:36:08,1,0,0,Red,B
8299,03-Jun-17,10:36:08,1,0,0,Red,B
8300,03-Jun-17,10:36:08,1,0,0,Red,B
8301,03-Jun-17,10:36:08,1,0,0,Red,B
8527,03-Jun-17,10:36:54,1,0,0,Red,B
8528,03-Jun-17,10:36:54,1,0,0,Red,B
8529,03-Jun-17,10:36:54,1,0,0,Red,B
8530,03-Jun-17,10:36:54,1,0,0,Red,B
8531,03-Jun-17,10:36:54,1,0,0,Red,B
8532,03-Jun-17,10:36:54,1,0,0,Red,B
8533,03-Jun-17,10:36:55,1,0,0,Red,B
8534,03-Jun-17,10:36:55,1,0,0,Red,B
8535,03-Jun-17,10:36:55,1,0,0,Red,B
8536,03-Jun-17,10:36:55,1,0,0,Red,B
8537,03-Jun-17,10:36:55,1,0,0,Red,B
8538,03-Jun-17,10:36:56,1,0,0,Red,B
8539,03-Jun-17,10:36:56,1,0,0,Red,B
8540,03-Jun-17,10:36:56,1,0,0,Red,B
8541,03-Jun-17,10:36:56,1,0,0,Red,B
8542,03-Jun-17,10:36:56,1,0,0,Red,B
8543,03-Jun-17,10:36:57,1,0,0,Red,B
8544,03-Jun-17,10:36:57,1,0,0,Red,B
8545,03-Jun-17,10:36:57,1,0,0,Red,B
8546,03-Jun-17,10:36:57,1,0,0,Red,B
8547,03-Jun-17,10:36:58,1,0,0,Red,B
8548,03-Jun-17,10:36:58,1,0,0,Red,B
8549,03-Jun-17,10:36:58,1,0,0,Red,B
8550,03-Jun-17,10:36:58,1,0,0,Red,B
8551,03-Jun-17,10:36:58,1,0,0,Red,B
8552,03-Jun-17,10:36:59,1,0,0,Red,B
8553,03-Jun-17,10:36:59,1,0,0,Red,B
8554,03-Jun-17,10:36:59,1,0,0,Red,B
8555,03-Jun-17,10:36:59,1,0,0,Red,B
8556,03-Jun-17,10:36:59,1,0,0,Red,B
8557,03-Jun-17,10:36:59,1,0,0,Red,B
8558,03-Jun-17,10:37:00,1,0,0,Red,B
8559,03-Jun-17,10:37:00,1,0,0,Red,B
8560,03-Jun-17,10:37:00,1,0,0,Red,B
8561,03-Jun-17,10:37:00,1,0,0,Red,B
8562,03-Jun-17,10:37:00,1,0,0,Red,B
8563,03-Jun-17,10:37:01,1,0,0,Red,B
8564,03-Jun-17,10:37:01,1,0,0,Red,B
8565,03-Jun-17,10:37:01,1,0,0,Red,B
8566,03-Jun-17,10:37:01,1,0,0,Red,B
8567,03-Jun-17,10:37:02,1,0,0,Red,B
8568,03-Jun-17,10:37:02,1,0,0,Red,B
8569,03-Jun-17,10:37:02,1,0,0,Red,B
8570,03-Jun-17,10:37:02,1,0,0,Red,B
8571,03-Jun-17,10:37:02,1,0,0,Red,B
8572,03-Jun-17,10:37:03,1,0,0,Red,B
8573,03-Jun-17,10:37:03,1,0,0,Red,B
8574,03-Jun-17,10:37:03,1,0,0,Red,B
8575,03-Jun-17,10:37:03,1,0,0,Red,B
8576,03-Jun-17,10:37:03,1,0,0,Red,B
8577,03-Jun-17,10:37:03,1,0,0,Red,B
8578,03-Jun-17,10:37:03,1,0,0,Red,B
8579,03-Jun-17,10:37:04,1,0,0,Red,B
8580,03-Jun-17,10:37:04,1,0,0,Red,B
8581,03-Jun-17,10:37:04,1,0,0,Red,B
8582,03-Jun-17,10:37:04,1,0,0,Red,B
8583,03-Jun-17,10:37:05,1,0,0,Red,B
8584,03-Jun-17,10:37:05,1,0,0,Red,B
8585,03-Jun-17,10:37:05,1,0,0,Red,B
8586,03-Jun-17,10:37:05,1,0,0,Red,B
8587,03-Jun-17,10:37:05,1,0,0,Red,B
8588,03-Jun-17,10:37:06,1,0,0,Red,B
8589,03-Jun-17,10:37:06,1,0,0,Red,B
8590,03-Jun-17,10:37:06,1,0,0,Red,B
8591,03-Jun-17,10:37:06,1,0,0,Red,B
8592,03-Jun-17,10:37:07,1,0,0,Red,B
8593,03-Jun-17,10:37:07,1,0,0,Red,B
8594,03-Jun-17,10:37:07,1,0,0,Red,B
8595,03-Jun-17,10:37:07,1,0,0,Red,B
8596,03-Jun-17,10:37:07,1,0,0,Red,B
8597,03-Jun-17,10:37:07,1,0,0,Red,B
8598,03-Jun-17,10:37:07,1,0,0,Red,B
8599,03-Jun-17,10:37:08,1,0,0,Red,B
8600,03-Jun-17,10:37:08,1,0,0,Red,B
8601,03-Jun-17,10:37:08,1,0,0,Red,B
8827,03-Jun-17,10:37:54,1,0,0,Red,B
8828,03-Jun-17,10:37:54,1,0,0,Red,B
8829,03-Jun-17,10:37:54,1,0,0,Red,B
8830,03-Jun-17,10:37:54,1,0,0,Red,B
8831,03-Jun-17,10:37:54,1,0,0,Red,B
8832,03-Jun-17,10:37:54,1,0,0,Red,B
8833,03-Jun-17,10:37:54,1,0,0,Red,B
8834,03-Jun-17,10:37:55,1,0,0,Red,B
8835,03-Jun-17,10:37:55,1,0,0,Red,B
8836,03-Jun-17,10:37:55,1,0,0,Red,B
8837,03-Jun-17,10:37:55,1,0,0,Red,B
8838,03-Jun-17,10:37:56,1,0,0,Red,B
8839,03-Jun-17,10:37:56,1,0,0,Red,B
8840,03-Jun-17,10:37:56,1,0,0,Red,B
8841,03-Jun-17,10:37:56,1,0,0,Red,B
8842,03-Jun-17,10:37:56,1,0,0,Red,B
8843,03-Jun-17,10:37:57,1,0,0,Red,B
8844,03-Jun-17,10:37:57,1,0,0,Red,B
8845,03-Jun-17,10:37:57,1,0,0,Red,B
8846,03-Jun-17,10:37:57,1,0,0,Red,B
8847,03-Jun-17,10:37:58,1,0,0,Red,B
8848,03-Jun-17,10:37:58,1,0,0,Red,B
8849,03-Jun-17,10:37:58,1,0,0,Red,B
8850,03-Jun-17,10:37:58,1,0,0,Red,B
8851,03-Jun-17,10:37:58,1,0,0,Red,B
8852,03-Jun-17,10:37:59,1,0,0,Red,B
8853,03-Jun-17,10:37:59,1,0,0,Red,B
8854,03-Jun-17,10:37:59,1,0,0,Red,B
8855,03-Jun-17,10:37:59,1,0,0,Red,B
8856,03-Jun-17,10:38:00,1,0,0,Red,B
8857,03-Jun-17,10:38:00,1,0,0,Red,B
8858,03-Jun-17,10:38:00,1,0,0,Red,B
8859,03-Jun-17,10:38:00,1,0,0,Red,B
8860,03-Jun-17,10:38:00,1,0,0,Red,B
8861,03-Jun-17,10:38:00,1,0,0,Red,B
8862,03-Jun-17,10:38:00,1,0,0,Red,B
8863,03-Jun-17,10:38:01,1,0,0,Red,B
8864,03-Jun-17,10:38:01,1,0,0,Red,B
8865,03-Jun-17,10:38:01,1,0,0,Red,B
8866,03-Jun-17,10:38:01,1,0,0,Red,B
8867,03-Jun-17,10:38:02,1,0,0,Red,B
8868,03-Jun-17,10:38:02,1,0,0,Red,B
8869,03-Jun-17,10:38:02,1,0,0,Red,B
8870,03-Jun-17,10:38:02,1,0,0,Red,B
8871,03-Jun-17,10:38:02,1,0,0,Red,B
8872,03-Jun-17,10:38:02,1,0,0,Red,B
8873,03-Jun-17,10:38:02,1,0,0,Red,B
8874,03-Jun-17,10:38:03,1,0,0,Red,B
8875,03-Jun-17,10:38:03,1,0,0,Red,B
8876,03-Jun-17,10:38:03,1,0,0,Red,B
8877,03-Jun-17,10:38:03,1,0,0,Red,B
8878,03-Jun-17,10:38:03,1,0,0,Red,B
8879,03-Jun-17,10:38:04,1,0,0,Red,B
8880,03-Jun-17,10:38:04,1,0,0,Red,B
8881,03-Jun-17,10:38:04,1,0,0,Red,B
8882,03-Jun-17,10:38:04,1,0,0,Red,B
8883,03-Jun-17,10:38:05,1,0,0,Red,B
8884,03-Jun-17,10:38:05,1,0,0,Red,B
8885,03-Jun-17,10:38:05,1,0,0,Red,B
8886,03-Jun-17,10:38:05,1,0,0,Red,B
8887,03-Jun-17,10:38:05,1,0,0,Red,B
8888,03-Jun-17,10:38:06,1,0,0,Red,B
8889,03-Jun-17,10:38:06,1,0,0,Red,B
8890,03-Jun-17,10:38:06,1,0,0,Red,B
8891,03-Jun-17,10:38:06,1,0,0,Red,B
8892,03-Jun-17,10:38:07,1,0,0,Red,B
8893,03-Jun-17,10:38:07,1,0,0,Red,B
8894,03-Jun-17,10:38:07,1,0,0,Red,B
8895,03-Jun-17,10:38:07,1,0,0,Red,B
8896,03-Jun-17,10:38:07,1,0,0,Red,B
8897,03-Jun-17,10:38:07,1,0,0,Red,B
8898,03-Jun-17,10:38:07,1,0,0,Red,B
8899,03-Jun-17,10:38:08,1,0,0,Red,B
8900,03-Jun-17,10:38:08,1,0,0,Red,B
8901,03-Jun-17,10:38:08,1,0,0,Red,B
9127,03-Jun-17,10:38:54,1,0,0,Red,B
9128,03-Jun-17,10:38:54,1,0,0,Red,B
9129,03-Jun-17,10:38:54,1,0,0,Red,B
9130,03-Jun-17,10:38:54,1,0,0,Red,B
9131,03-Jun-17,10:38:54,1,0,0,Red,B
9132,03-Jun-17,10:38:55,1,0,0,Red,B
9133,03-Jun-17,10:38:55,1,0,0,Red,B
9134,03-Jun-17,10:38:55,1,0,0,Red,B
9135,03-Jun-17,10:38:55,1,0,0,Red,B
9136,03-Jun-17,10:38:55,1,0,0,Red,B
9137,03-Jun-17,10:38:56,1,0,0,Red,B
9138,03-Jun-17,10:38:56,1,0,0,Red,B
9139,03-Jun-17,10:38:56,1,0,0,Red,B
9140,03-Jun-17,10:38:56,1,0,0,Red,B
9141,03-Jun-17,10:38:56,1,0,0,Red,B
9142,03-Jun-17,10:38:56,1,0,0,Red,B
9143,03-Jun-17,10:38:56,1,0,0,Red,B
9144,03-Jun-17,10:38:57,1,0,0,Red,B
9145,03-Jun-17,10:38:57,1,0,0,Red,B
9146,03-Jun-17,10:38:57,1,0,0,Red,B
9147,03-Jun-17,10:38:57,1,0,0,Red,B
9148,03-Jun-17,10:38:58,1,0,0,Red,B
9149,03-Jun-17,10:38:58,1,0,0,Red,B
9150,03-Jun-17,10:38:58,1,0,0,Red,B
9151,03-Jun-17,10:38:58,1,0,0,Red,B
9152,03-Jun-17,10:38:58,1,0,0,Red,B
9153,03-Jun-17,10:38:59,1,0,0,Red,B
9154,03-Jun-17,10:38:59,1,0,0,Red,B
9155,03-Jun-17,10:38:59,1,0,0,Red,B
9156,03-Jun-17,10:38:59,1,0,0,Red,B
9157,03-Jun-17,10:39:00,1,0,0,Red,B
9158,03-Jun-17,10:39:00,1,0,0,Red,B
9159,03-Jun-17,10:39:00,1,0,0,Red,B
9160,03-Jun-17,10:39:00,1,0,0,Red,B
9161,03-Jun-17,10:39:00,1,0,0,Red,B
9162,03-Jun-17,10:39:00,1,0,0,Red,B
9163,03-Jun-17,10:39:00,1,0,0,Red,B
9164,03-Jun-17,10:39:01,1,0,0,Red,B
9165,03-Jun-17,10:39:01,1,0,0,Red,B
9166,03-Jun-17,10:39:01,1,0,0,Red,B
9167,03-Jun-17,10:39:01,1,0,0,Red,B
9168,03-Jun-17,10:39:02,1,0,0,Red,B
9169,03-Jun-17,10:39:02,1,0,0,Red,B
9170,03-Jun-17,10:39:02,1,0,0,Red,B
9171,03-Jun-17,10:39:02,1,0,0,Red,B
9172,03-Jun-17,10:39:02,1,0,0,Red,B
9173,03-Jun-17,10:39:03,1,0,0,Red,B
9174,03-Jun-17,10:39:03,1,0,0,Red,B
9175,03-Jun-17,10:39:03,1,0,0,Red,B
9176,03-Jun-17,10:39:03,1,0,0,Red,B
9177,03-Jun-17,10:39:04,1,0,0,Red,B
9178,03-Jun-17,10:39:04,1,0,0,Red,B
9179,03-Jun-17,10:39:04,1,0,0,Red,B
9180,03-Jun-17,10:39:04,1,0,0,Red,B
9181,03-Jun-17,10:39:04,1,0,0,Red,B
9182,03-Jun-17,10:39:05,1,0,0,Red,B
9183,03-Jun-17,10:39:05,1,0,0,Red,B
9184,03-Jun-17,10:39:05,1,0,0,Red,B
9185,03-Jun-17,10:39:05,1,0,0,Red,B
9186,03-Jun-17,10:39:05,1,0,0,Red,B
9187,03-Jun-17,10:39:05,1,0,0,Red,B
9188,03-Jun-17,10:39:05,1,0,0,Red,B
9189,03-Jun-17,10:39:06,1,0,0,Red,B
9190,03-Jun-17,10:39:06,1,0,0,Red,B
9191,03-Jun-17,10:39:06,1,0,0,Red,B
9192,03-Jun-17,10:39:06,1,0,0,Red,B
9193,03-Jun-17,10:39:07,1,0,0,Red,B
9194,03-Jun-17,10:39:07,1,0,0,Red,B
9195,03-Jun-17,10:39:07,1,0,0,Red,B
9196,03-Jun-17,10:39:07,1,0,0,Red,B
9197,03-Jun-17,10:39:07,1,0,0,Red,B
9198,03-Jun-17,10:39:08,1,0,0,Red,B
9199,03-Jun-17,10:39:08,1,0,0,Red,B
9200,03-Jun-17,10:39:08,1,0,0,Red,B
9201,03-Jun-17,10:39:08,1,0,0,Red,B
